code,ko,대륙,상징물,카테고리,선정근거,예비1,예비2,명소,명소도시,명소등급,수도에있음,기존fact재사용,위험,상태
ae,아랍에미리트,아시아,아라비아 커피를 따르는 달라 주전자(긴 부리 모양 주둥이),만든것,3순위 · 국장 한가운데가 황금 매. 매사냥이 유네스코 무형유산,매사냥 장갑 위에 앉은 매(국장 한가운데의 황금 매),알 사둘 — 빨강·검정 기하무늬를 짜 넣은 낙타털 띠(유네스코 무형유산),,,,,,부르즈 할리파는 2010년 완공 + 상표라 명소를 비웠다 — 되살리지 말 것. 매↔카자흐스탄 독수리 혼동 쌍은 카자흐스탄을 사과로 돌리고 kz 예비1도 사이가 영양으로 바꿔 해소했으므로 국장 근거인 매를 예비1로 되찾는다 — 다만 al 쌍두·us 흰머리수리·zm 물수리·ec 콘도르와 맹금 혼동군이라 quiz.js에서 같은 판 배제. 달라 주전자는 om·kw 예비에서 값째로 뺐다(승격 금지 메모는 파이프라인이 지키지 않는다),final
af,아프가니스탄,아시아,반으로 갈라 붉은 알이 드러난 석류,먹을거리,5순위 · 국기 문양은 모스크(종교)라 제외. fact에 이미 있는 힌두쿠시 라피스라줄리 — 6천 년간 이 땅에서만 나던 파란 보석,둥글넓적하게 구워 골무늬를 낸 아프간 난 빵,힌두쿠시 만년설 봉우리,"붉은 절벽 사이, 하얀 석회 둑이 계단처럼 층져 짙푸른 물이 담긴 밴드아미르 호수",바미안,B,,아프가니스탄의 힌두쿠시산맥에서는 파란 보석 라피스라줄리가 아주 오래전부터 나왔어요.,국기 흰 문양은 모스크·미나렛이라 종교 근접으로 상징물에서 제외함. 명소는 호수라 키르기스스탄 이식쿨과 4세에게 유사 — 밴드아미르는 절벽 사이 계단식 물빛으로 차별화 필요,final
am,아르메니아,아시아,살구,먹을거리,2순위 · 아르메니아 국가 상징 과일 살구(학명 자체가 Prunus armeniaca). 국기는 줄무늬뿐이라 1순위 없음,두둑 피리,,,,,,,살구가 복숭아·오렌지와 혼동될 수 있어 갈라진 씨와 붉은 볼을 그림에 명시할 것. 아라라트산은 실제 영토가 튀르키예라 정치적 민감 — 제외함,final
az,아제르바이잔,아시아,꺼지지 않는 불꽃,땅과하늘,"3순위 · 국장 한가운데 타오르는 불꽃, 나라 별명이 '불의 나라'. fact에 이미 있음",비단에 무늬를 찍은 아제르바이잔 머릿수건 '켈라가이'(유네스코 무형유산),,메이든 타워 — 카스피해 바로 옆에 회색 돌을 가로로 층층이 쌓아 세운 가늘고 아주 긴 원통 탑. 꼭대기는 평평하고 톱니 난간이 둘리며 한쪽 옆구리에 세로로 붙은 버팀벽이 툭 튀어나옴,바쿠,B,Y,아제르바이잔에는 땅속 가스 때문에 언덕에서 불길이 계속 타오르는 곳이 있어요.,명소로 야나르다그(불타는 언덕)를 쓰면 상징물 불꽃과 같은 그림이 되어 제외함. 투르크메니스탄 다르바자 불구덩이와도 충돌하므로 '불' 소재는 아제르바이잔이 독점,final
bd,방글라데시,아시아,벵골호랑이,동물,2순위 · 방글라데시 국가 지정 동물. fact에 이미 있음,,황마,순다르반스 맹그로브 숲,쿨나,B,,방글라데시의 순다르반스는 세계에서 가장 큰 맹그로브 숲이고 벵골호랑이가 살아요.,호랑이는 인도 국가 지정 동물이기도 함 — 인도는 국조 공작으로 밀어 1:1 유지. 인도 카드에 호랑이를 쓰면 즉시 깨짐,final
bh,바레인,아시아,진주,땅과하늘,3순위 · 유네스코 '진주조개잡이 길'이 국가 대표 유산이고 fact에 이미 있음. 걸프 국가 중 진주는 바레인이 가져감,국기의 하얀 톱니 다섯 개가 이어진 빨강·하양 띠,딜문의 둥근 흙 도장(작은 동물 무늬를 새긴 인장),사막에 홀로 선 생명의 나무,자발 앗두칸,A,,"바레인은 30개가 넘는 섬으로 이루어진 나라이고, 옛날에는 진주잡이로 유명했어요.",,final
bn,브루나이,아시아,노란 왕실 우산,만든것,3순위 · 국기 문장(국장) 한가운데의 왕실 우산 파융. 국기에서 바로 뽑은 사물,심포르 꽃(노란 국화),야자잎 지붕 수상가옥,물 위에 지은 마을 캄퐁 아예르,반다르스리브가완,A,Y,,'물 위 집'은 몰디브 수상 방갈로와 겹치므로 몰디브는 코코넛야자로 돌려 1:1 확보함,draft
bt,부탄,아시아,국기에 그려진 하얀 용 드룩,동물,1순위 · 국기 한가운데 그려진 하얀 용. 나라 이름 자체가 '드룩율(용의 나라)',타킨(국가 지정 동물),파란 양귀비(국화),절벽에 붙은 탁상 사원(호랑이 둥지),파로,A,,,용은 중국·웨일스와 겹치는 소재 — 중국은 fact 기반 판다로 확정했으므로 용은 부탄 독점. 194개국 전체에서 다른 나라가 용을 가져가지 않도록 잠금 필요,draft
cn,중국,아시아,대나무를 먹는 판다,동물,4순위 · 중국에만 야생으로 사는 국보 동물. fact에 이미 있음,,붉은 등롱,만리장성,베이징 바다링,S,Y,"중국에서만 야생 판다가 살고, 판다는 하루에 12시간 넘게 대나무를 먹어요.",,final
ge,조지아,아시아,추르츠헬라 — 포도즙과 호두로 만든 줄줄이 사탕,먹을거리,4순위 · 8천 년 포도 재배가 유네스코 유산으로 등재된 '포도의 원조' 나라. fact에 이미 있음,가운데에 치즈와 노른자를 얹은 배 모양 빵 하차푸리,조지아 양치기 개,"설산 앞 언덕에 홀로 선 게르게티 교회 — 외관 실루엣만, 성상·의식·신도·내부 없음",스테판츠민다,B,,"조지아는 8천 년 전부터 포도주를 만든, 세계에서 가장 오래된 포도주 나라예요.","fact가 '포도주(술)'를 언급함 — 그림은 포도송이·포도밭만, 술병·잔·크베브리 항아리 절대 금지. 국기 십자가는 종교 상징이라 제외",final
id,인도네시아,아시아,코모도왕도마뱀,동물,2순위 · 인도네시아 국가 지정 동물(땅). 지구에서 이 나라 섬에만 사는 1:1 생물,바틱 천,가루다(국장의 새),보로부두르 계단식 석조 사원,마겔랑,B,,,보로부두르는 앙코르와트와 4세에게 '돌 사원'으로 묶임 — 종 모양 스투파가 층층이 올라선 형태를 강조해야 구분됨,draft
il,이스라엘,아시아,사해의 소금 결정,땅과하늘,5순위 · 국기(다윗의 별)·국장(메노라)이 모두 종교 상징이라 제외. fact에 이미 있는 사해 소금,자파 오렌지,후투티(국조),마사다 — 사막 한가운데 위가 식탁처럼 평평한 황토색 바위 대지. 옆구리에 뱀처럼 구불구불한 좁은 길이 파여 있고 저 아래로 짙푸른 물이 보임(소금·소금 기슭은 그리지 않음),마사다(사해),B,,이스라엘에 걸쳐 있는 사해는 소금이 많아 사람이 저절로 둥둥 떠요.,예루살렘 성지(통곡의 벽·바위돔·성묘교회)는 종교·정치 민감으로 전면 제외. 마사다는 결정 A로 복원하되 za 테이블마운틴·ve 탁자산과 '위가 평평한 바위' 혼동군이므로 '황토색 사막 + 옆구리의 뱀길'을 못박고 quiz.js에서 같은 판 배제. 상징물이 사해 소금이므로 명소 그림에 소금·소금 기슭을 넣지 말 것(규칙2). 사해 소금 ↔ bo 우유니(S급)는 미해소로 남아 아빠 판단이 필요하다,final
in,인도,아시아,공작,동물,2순위 · 인도 국조 공작. 국기의 아소카 차크라는 4세에게 '바퀴'라 인지 불가로 제외,인도 바닥에 색가루로 그린 동그란 무늬 '랑골리',,타지마할,아그라,S,,인도의 타지마할은 하얀 대리석으로 지은 궁전 같은 무덤이에요.,국가 지정 동물인 호랑이는 방글라데시에 넘김. 코끼리는 라오스가 가져가므로 인도 카드에서 제외,final
iq,이라크,아시아,쐐기문자를 새긴 점토판,만든것,4순위 · 인류 최초의 문자가 시작된 땅. fact에 이미 있음,갈대 다발을 엮어 세운 습지 마을의 아치 집 '무디프',,바빌론 이슈타르 문,바빌론(힐라),B,,이라크 땅에서 인류 최초의 문자와 도시 문명인 메소포타미아가 시작되었어요.,점토판은 4세 인지도가 낮음 — 갈대펜으로 꾹꾹 누른 자국을 크게 확대해 '찰흙에 그림 도장' 느낌으로 그릴 것. 대체안은 이슈타르 문 파란 사자. 사마라 나선탑은 모스크 미나렛이라 종교 회피로 제외,final
ir,이란,아시아,페르시아 양탄자,만든것,4순위 · '페르시아'라는 이름이 붙어 세계적으로 이란과 1:1로 묶이는 물건. fact에 이미 있음,사프란,페르시아 고양이,머리 둘 달린 돌 황소가 얹힌 페르세폴리스의 기둥머리 — 기둥 두 개와 그 위 황소 조각을 크게,시라즈,B,,"이란은 옛날에 페르시아라고 불렸고, 아름다운 페르시아 양탄자로 유명해요.","양탄자는 투르크메니스탄 국기(1순위)와 충돌하나, 세계 인지도와 기존 음원을 근거로 이란이 가져가고 투르크메니스탄은 국장 속 말로 이동시킴. 페르세폴리스 기둥 유적은 파르테논·콜로세움·바알베크와 4세에게 동일 — 혼동 쌍 표시",final
jo,요르단,아시아,검은 붓꽃,식물,2순위 · 요르단 국화인 검은붓꽃(블랙 아이리스). 국기는 별·삼각형뿐,베두인 검은 염소털 천막,요르단 모자이크 타일,바위를 깎아 만든 페트라 알카즈네,페트라(와디무사),A,,붉은 바위산을 깎아 만든 신비한 도시 페트라가 요르단에 있어요.,아라비아오릭스는 카타르 국가 지정 동물이라 요르단 예비에서도 뺌. 사우디 마다인살레(헤그라)가 페트라와 같은 양식이므로 사우디 명소는 사막으로 돌림,draft
jp,일본,아시아,벚꽃,식물,2순위 · 일본을 대표하는 사실상의 국화. 국기는 동그라미뿐이라 1순위 사물 없음,초밥,마네키네코(손 흔드는 고양이),후지산,시즈오카·야마나시,S,,"일본에는 화산이 많아서 온천이 아주 많고, 가장 높은 산은 후지산이에요.",도쿄타워는 에펠탑과 4세에게 완전히 같은 그림 — 혼동 쌍이므로 후보에서 전면 배제함,draft
kg,키르기스스탄,아시아,"눈표범 — 두꺼운 잿빛 흰 털에 굵은 검은 고리무늬가 박히고, 몸통만큼 길고 굵은 꼬리를 눈 덮인 바위 위에 늘어뜨린 고양잇과 동물",동물,"2순위에 준함 · 나라가 국가 상징 동물로 내세우는 눈표범(비슈케크 시 문장·국가 캠페인). 국기 1순위 툰둑은 mn 게르와 4세에게 같은 '둥근 천막'이라 제외, 국장의 흰 매는 '맹금·검은 큰 새' 혼동군에 kg를 새로 넣게 되어 제외, 칼팍은 모자 6중 해소로 폐기",코무즈 — 배처럼 불룩한 나무통에 줄 세 개만 맨 짧은 키르기스 악기,보르소크 — 반죽을 마름모로 잘라 튀긴 노란 빵조각을 접시에 산처럼 수북이 쌓은 것,"이식쿨 호수 — 눈 덮인 톈산 봉우리가 멀리 병풍처럼 둘러싼, 끝이 안 보이게 넓고 짙푸른 호수. 물가는 넓적한 조약돌 해변이고 말 몇 마리가 서 있음. 겨울에도 얼지 않음",촐폰아타(이식쿨),B,,높은 산속에 있는 커다란 이식쿨 호수는 겨울에도 얼지 않아요.,"눈표범은 sa 아라비아표범과 '큰 고양잇과' 혼동군이므로 quiz.js에서 같은 판 배제(털색·꼬리 길이로 그림을 갈라 그릴 것). 국기 1순위 툰둑은 mn 게르와 겹쳐 값째로 뺐다 — 몽골이 fact 근거로 보유. 이식쿨은 af 밴드아미르·sk 타트라와 '산속 호수' 혼동군이나 결정 A에 따라 그리되 '끝이 안 보이게 넓고 짙푸른, 눈산이 둘러싼 호수'로 못박고 같은 판 배제. 예비1 코무즈는 승격 시 ve 쿠아트로·tm 두타르·mn 마두금과, 예비2 보르소크는 승격 시 af 난·be 와플과 겹치니 승격 시 재검토(둘 다 해당 혼동군에 미리 등재함). 칼팍은 모자 6중 해소로 폐기했고 다시 올리지 말 것. 상징물 음원 1개 신규 필요(기존 fact는 이식쿨=명소 쪽에서 쓰임)",final
kh,캄보디아,아시아,앙코르와트 사원,만든것,1순위 · 세계에서 유일하게 국기에 실제 건물을 그린 나라. fact에도 이미 있음,사탕야자 나무(국목),롬두올 꽃(국화),,,,,캄보디아의 앙코르와트는 세계에서 가장 큰 종교 건축물로 손꼽혀요.,상징물과 명소가 같은 소재 — 국기에 그려진 명소라 의도적으로 일치시킴(그림 1장 공유 가능). 분리하려면 상징물을 사탕야자로 바꿀 것. 앙코르와트·쉐다곤·왓아룬은 4세에게 '동남아 뾰족탑'으로 묶이므로 실루엣 차이(다섯 탑/황금 종/도자기 뾰족탑)를 프롬프트에 강제,fixed-r1
kp,북한,아시아,목란(함박꽃나무 흰 꽃),식물,2순위 · 북한이 스스로 정한 국화 목란. 국기의 별은 여러 나라와 중복,금강산 뾰족 봉우리,참매(북한 국조),백두산 천지,삼지연,A,,,정치적 민감 — 지도자 동상·기념탑·군사 요소는 전면 배제하고 남북이 공유하는 자연물(백두산)과 식물로만 구성함. 백두산은 중국 창바이산과 같은 산이라 중국 카드에는 쓰지 않음,draft
kr,대한민국,아시아,김치,먹을거리,4순위 · 한국인이 매일 먹고 세계적으로 한국과 1:1로 묶이는 음식. fact에 이미 있음,한복,무궁화(국화),경복궁 광화문,서울,B,Y,글자를 만든 날이 국경일인 나라예요. 김치와 태권도로도 아주 유명해요,경복궁은 중국 자금성·일본 궁궐과 4세에게 '기와 지붕 건물'로 묶임 — 중국 명소를 만리장성으로 두어 직접 충돌은 피했으나 동아시아 궁궐은 앞으로도 1개국만 쓸 것. 태극 무늬는 국기 퀴즈와 중복되어 상징물에서 제외,draft
kw,쿠웨이트,아시아,전통 배 다우(붐),만든것,4순위 · 쿠웨이트 화폐와 국가 상징에 등장하는 목선. 걸프 국가 중 배는 조선·진주무역 중심지였던 쿠웨이트가 가져감,사막에 피는 노란 쿠웨이트 국화 '아르파즈',,,,,,,"1979년 완공 건축물 — 설계자 사후 70년 미경과로 저작권 주의. 사진 모사 금지, '기둥에 파란 공이 꽂힌' 단순 실루엣을 주간 모습으로만 새로 그릴 것",final
kz,카자흐스탄,아시아,사과,먹을거리,4순위 · 세계 모든 사과의 조상 야생사과가 자라는 곳이고 옛 수도 알마티가 '사과의 아버지'라는 뜻,코가 주머니처럼 늘어진 초원의 사이가 영양,,"호자 아흐메드 야사위 영묘 — 모래색 벽돌로 쌓은 커다란 네모 상자 위에 민트빛 청록 줄무늬 돔 하나가 얹히고, 정면에 아주 큰 아치 문 하나가 통째로 뚫린 건물. 성상·의식·신도·내부 없이 건물 외곽 실루엣만",투르키스탄,B,,,국기 1순위인 초원 독수리를 예비로 내린 것은 아랍에미리트 국장 매와 4세에게 구별이 불가능하기 때문(혼동 쌍: 독수리↔매). 유럽·아메리카의 독수리 국가들과도 충돌하므로 사과 채택. 바이테렉 탑 등 아스타나 현대 건축은 저작권·인지도 양쪽에서 제외,final
la,라오스,아시아,코끼리,동물,4순위 · 나라 옛 이름 '란쌍'이 백만 마리 코끼리의 땅이라는 뜻. fact에 이미 있음,메콩강 긴 나룻배,프랑지파니(국화 참파),"쾅시 폭포 — 우유를 탄 듯한 뽀얀 하늘색 물이 석회암이 만든 얕은 단지에 층층이 고였다 넘치는 폭포. 양옆은 짙은 초록 정글, 물 위를 가로지르는 다리는 없음",루앙프라방,A,,메콩강이 흐르는 나라로 옛날에는 코끼리의 땅이라고 불렸어요.,"코끼리는 태국 국가 지정 동물과 충돌 — 라오스가 fact 근거로 가져가고 태국은 툭툭으로 확정. 탓루앙 황금탑은 미얀마 쉐다곤과 같은 그림이라 제외하고, 결정 A에 따라 쾅시 폭포를 채택했다 — '우유를 탄 듯 뽀얀 하늘색 물 + 물 위 다리 없음'으로 못박아 hr 플리트비체(에메랄드빛 + 나무다리)와 가르고 quiz.js에서 같은 판 배제",final
lb,레바논,아시아,백향목(레바논 삼나무),식물,1순위 · 국기 한가운데 그려진 나무. fact에도 이미 있음,자타르 향신료,레바논 유리 공예,바다에 솟은 라우셰 비둘기 바위,베이루트,B,Y,국기에 그려진 백향목은 아주 오래 사는 커다란 나무예요.,바알베크 신전은 기둥 유적이라 파르테논·콜로세움 혼동군에 들어가므로 제외. 카디샤 백향목 숲을 명소로 쓰면 상징물과 중복되어 제외,draft
lk,스리랑카,아시아,실론 홍차,먹을거리,4순위 · 옛 이름 '실론'이 붙어 세계적으로 이 나라와 1:1로 묶이는 물건. fact에 이미 있음,시나몬(계피),,정글 위에 솟은 시기리야 바위산,시기리야,A,,인도양에 떠 있는 섬나라예요. 향긋한 실론 홍차가 세계적으로 유명해요,국기 1순위인 사자는 칼을 들고 있어 무기 요소가 있고 싱가포르 머라이언과도 겹쳐 상징물에서 제외함(국기 이미지 자체는 유지),final
mm,미얀마,아시아,볼에 바르는 노란 타나카,만든것,"4순위 · 미얀마 사람이 매일 얼굴에 바르는, 다른 어느 나라에도 없는 나무가루 화장",롱지(전통 치마),파다욱 꽃,황금빛 쉐다곤 파고다,양곤,A,,금빛으로 반짝이는 쉐다곤 파고다라는 커다란 탑이 서 있어요.,"타나카는 4세 인지도가 애매 — 아이 얼굴에 노란 동그라미·나뭇잎 무늬를 그리되 실존 인물 묘사가 되지 않도록 일반 인물로. 국조 초록공작은 인도 공작과 겹쳐 제외. 쉐다곤은 라오스 탓루앙과 같은 형태라 라오스를 쾅시 폭포로 돌려 해소했고, 태국 왓 아룬과는 '매끈한 황금빛 종(mm) 대 오돌토돌한 회백색 도자기 탑(th)'으로 갈라 quiz.js에서 같은 판 배제",final
mn,몽골,아시아,둥근 천막집 게르,만든것,4순위 · 몽골 사람이 실제로 사는 집. fact에 이미 있음,머리에 말 조각이 달린 두 줄짜리 몽골 악기 '마두금',,고비 사막의 모래언덕과 혹이 두 개인 쌍봉낙타 무리(게르·말은 그리지 않음),움느고비,B,,넓은 초원에서 게르라는 둥근 천막집을 짓고 말을 타며 지내요.,"칭기즈칸 기마상은 실존 인물이라 제외. 사막 모래언덕 3중(dz 상징물·sa 명소)은 결정 A에 따라 모두 그리되 소품으로 가른다 — 몽골은 혹 두 개인 쌍봉낙타, 사우디는 혹 하나인 단봉낙타 행렬, 알제리는 낙타 없이 바람결만. 게르는 상징물이 가져갔으므로 명소에 넣지 말 것(규칙2). 예비1은 '말'이 tm·si 상징물과 충돌해 마두금(머리에 말 조각)으로 옮겼고 예비2 검독수리는 맹금군이라 비웠다",final
mv,몰디브,아시아,만타가오리,동물,3순위 · 몰디브 국장에 그려진 코코넛야자이자 국목,카우리 조개껍데기,,에메랄드빛 바다 위 하얀 산호 모래섬,말레 인근 환초,B,,"1,000개가 넘는 산호섬으로 이루어져 있고 세계에서 땅이 가장 낮아요.",수상 방갈로는 브루나이 캄퐁 아예르와 같은 그림이라 제외함. 야자수는 열대 국가 전반과 겹치므로 194개국 진행 시 다른 나라에 야자수 단독 사용 금지 필요,fixed-r1
my,말레이시아,아시아,붉은 히비스커스(분가 라야),식물,2순위 · 말레이시아 국화. 국기의 초승달·별은 이슬람권 다수 국가와 중복,두리안,와우 연(전통 연),,,,,,"1998년 완공, 설계자 사후 70년 미경과 — 저작권 주의. 다만 '똑같은 탑 두 개가 다리로 이어진' 형태는 4세도 구별 가능한 드문 현대 건축이라 단순 실루엣·주간 한정으로 채택. 대체안은 키나발루산. 바투 동굴은 거대 신상이 있어 성상 금지 규칙으로 제외",fixed-r1
np,네팔,아시아,랄리구라스(붉은 만병초),식물,2순위 · 네팔 국화. 국기의 해·달은 다른 나라와 중복,단푸(국조 무지개꿩),네팔 삼각 국기 모양 자체,세계에서 가장 높은 산 에베레스트,솔루쿰부,S,,세계에서 가장 높은 산 에베레스트가 이 나라에 우뚝 솟아 있어요.,"에베레스트↔K2(파키스탄)는 4세에게 사실상 같은 눈 덮인 산 — 혼동 쌍. 에베레스트는 오색 룽다 깃발과 베이스캠프를, K2는 검은 피라미드형 단일봉을 강제해 구분할 것",draft
om,오만,아시아,유향(향기 나는 나무 수지),식물,"5순위 · 무기 제외 대상국이라 국기의 칸자르 단검을 뺌. fact에 이미 있는 유향나무 채택, 유향의 땅은 유네스코 유산",구리 접시에 담은 오만 전통 젤리 과자 '할와',와디의 초록 물웅덩이,니즈와 요새 — 대추야자 숲 한가운데 흙빛 베이지색 원통 하나가 통째로 솟은 낮고 굵은 요새. 뾰족한 지붕도 큰 창도 없이 꼭대기가 평평하고 톱니 난간만 둘림,니즈와,B,,향기로운 유향 나무가 자라서 옛날부터 향 무역으로 유명했어요.,무기 제외 6개국 중 하나 — 국기 속 칸자르 단검은 상징물 카드에서 완전 배제(국기 이미지 자체는 유지). 그랜드 모스크는 종교 시설이라 명소에서 제외,final
ph,필리핀,아시아,화려하게 꾸민 지프니,만든것,"4순위 · 필리핀 사람이 매일 타는, 세계 어디에도 없는 형태의 합승차",삼파기타(국화 자스민),필리핀수리(국조),수백 개 둥근 언덕 초콜릿 힐즈,보홀,A,,,지프니↔파키스탄 트럭 아트가 '알록달록한 탈것'으로 겹치므로 파키스탄을 분홍 소금으로 돌려 해소함,draft
pk,파키스탄,아시아,히말라야 분홍 소금,땅과하늘,"4순위 · 케우라 소금광산에서 나와 세계 각국 식탁에 오르는, 파키스탄과 1:1로 묶이는 물건","마코르(국가 지정 동물, 나선 뿔 염소)",화려하게 꾸민 트럭 아트,세계 두 번째로 높은 산 K2,길기트발티스탄,B,,세계에서 두 번째로 높은 산 K2가 이 나라 북쪽에 있어요.,K2↔에베레스트 혼동 쌍(위 네팔 항목 참조). 국가 지정 동물 마코르를 2순위인데도 예비로 내린 것은 아시아 동물 카테고리 편중을 막기 위함 — 트럭 아트는 필리핀 지프니와 '화려한 탈것'으로 겹쳐 2예비로 둠,draft
qa,카타르,아시아,아라비아오릭스,동물,2순위 · 카타르 국가 지정 동물(국적기·마스코트까지 오릭스). 국기는 톱니 무늬뿐이라 1순위 없음,사막장미 모래결정,,"알주바라 요새 — 사막 모래밭에 홀로 선 새하얀 네모 상자 모양 요새. 네 모서리 중 셋은 둥근 원통 탑, 하나는 네모 탑이고 벽에 창이 거의 없어 통짜 흰 벽으로 보임",알주바라,B,,,오릭스는 요르단·아라비아반도 전역에 걸치므로 카타르가 공식 지정 근거로 독점. 도하 마천루 스카이라인은 저작권·4세 인지도 양쪽에서 제외,final
sa,사우디아라비아,아시아,아라비아표범 — 모래빛 털에 검은 점무늬가 박힌 큰 고양잇과,동물,4순위 · 무기 제외 대상국이라 국기의 칼을 뺌. fact에 이미 있고 사우디 사람들이 실제로 기르고 타는 동물,알울라의 붉은 사암 협곡,사막 바위벽에 쪼아 새긴 히마의 옛 그림(뿔 굽은 아이벡스와 손자국),세계에서 가장 넓은 모래사막 룹알할리,룹알할리(엠프티쿼터),B,,"세계에서 가장 넓은 모래사막 룹알할리가 있고, 낙타를 아주 소중히 여겨요",무기 제외 6개국 중 하나 — 국기 속 칼은 상징물 카드에서 완전 배제. 메카 카바·예언자 모스크는 종교 금지로 전면 제외. 마다인살레(헤그라)는 요르단 페트라와 같은 양식이라 제외하고 사막 채택. 사막 모래언덕은 몽골 고비와 겹치므로 낙타 행렬을 넣어 차별화,final
sg,싱가포르,아시아,반다 미스 조아킴 난초,식물,2순위 · 싱가포르 국화로 공식 지정된 보랏빛 난초,페라나칸 알록달록 꽃무늬 타일,싱가포르 치킨라이스,,,,,,"머라이언은 1972년 조각(작가 사후 70년 미경과) + 싱가포르관광청 상표 — 실물 조각 모사 금지. '사자 머리에 물고기 몸' 개념만 가져와 완전히 새로 디자인할 것. 사자 소재는 싱가포르가 독점하므로 스리랑카(국기 사자, 칼 들고 있음)는 실론 홍차로, 케냐·에티오피아도 다른 소재로 돌려야 함",fixed-r1
sy,시리아,아시아,알레포 비누 — 올리브유로 굳힌 네모난 초록빛 비누 덩어리,만든것,"4순위 · 유네스코 무형유산으로 등재된, 도시 이름이 그대로 붙은 장미",자개를 촘촘히 박아 무늬를 낸 다마스쿠스 나무 상자,시리아 피스타치오,,,,,,"크락 데 슈발리에는 분쟁지 문화재라 제외. 팔미라를 뺀 것과 같은 기준이다. (README.md:173-176의 ""어른들 사이에서도 답이 갈리는 것은 아이 자료에서 뺀다"" 방침) 상징물 알레포 비누로 카드는 성립한다.",final
th,태국,아시아,세 바퀴 툭툭,만든것,4순위 · 태국 사람이 매일 타는 탈것. 국화 라차프륵(2순위)은 노란 꽃이라 4세 변별력이 없어 예비로 내림,라차프륵(국화 황금 샤워),수상시장 과일 배,"왓 아룬 — 강가에 선 밝은 회백색 뾰족탑. 도자기 조각과 조개껍데기가 온 표면에 촘촘히 박혀 오돌토돌하고, 가운데 큰 탑 하나를 작은 탑 넷이 둘러섬. 신도·의식·불상 없이 건물 외곽만",방콕,A,Y,,국가 지정 동물 코끼리는 라오스에 넘김. 왓 아룬은 미얀마 쉐다곤과 '동남아 뾰족탑' 혼동군이나 결정 A에 따라 그리되 '도자기 조각으로 덮인 밝은 회백색 오돌토돌한 탑'이라는 질감을 강제하고 quiz.js에서 같은 판 배제. 불교 사원이므로 신도·의식·불상 없이 건물 외곽만 — mm 쉐다곤·id 보로부두르·bt 탁상 사원과 같은 지위,final
tj,타지키스탄,아시아,국기에 그려진 금색 왕관,만든것,1순위 · 국기 한가운데 그려진 금색 왕관과 별 일곱 개. 나라 이름과 왕관이 직접 연결됨,파미르 고원 만년설,마르코폴로 뿔양,,,,,,왕관은 다른 나라 국장·왕실 문양과 겹칠 위험이 큼 — 별 일곱 개를 아치처럼 두른 형태를 반드시 유지할 것. 4세가 알아볼 대표 명소가 없어 명소 칸을 비움(산은 네팔·파키스탄과 중복),draft
tl,동티모르,아시아,손으로 짠 타이스 천,입는것,4순위 · 동티모르 사람들이 의식과 일상에서 두르는 국가 정체성 직물,악어(나라가 생긴 전설 속 악어),백단향 나무,,,,,,수도 딜리의 크리스투 레이 예수상은 종교 성상 + 20세기 조각이라 이중으로 제외. 4세가 알아볼 다른 명소가 없어 명소 칸을 비움. 타이스는 인도네시아 바틱과 '무늬 천'으로 겹칠 수 있어 줄무늬 직조 형태를 강조할 것,draft
tm,투르크메니스탄,아시아,아할테케 말,동물,3순위 · 국장 한가운데 그려진 황금빛 아할테케 말. fact에도 이미 있음,목이 긴 두 줄짜리 투르크멘 악기 '두타르'(유네스코 무형유산),,,,,,"카라쿰 사막이 나라의 대부분을 덮고 있고, 반짝이는 아할테케 말이 유명해요",국기 1순위인 양탄자 무늬는 이란 페르시아 양탄자와 4세에게 동일하므로 예비로 내림. 다르바자 '지옥의 문' 불구덩이는 아제르바이잔 불꽃과 같은 그림이라 명소 칸을 비움. 아시가바트 흰 대리석 건축은 현대 건축이라 제외,final
tr,튀르키예,아시아,나자르 본주우(파란 눈 부적),만든것,4순위 · 튀르키예 집·가게·가방 어디에나 걸려 있고 세계적으로 이 나라와 1:1로 묶이는 물건,튤립 모양 터키 홍차 유리잔,,카파도키아 기암과 열기구,괴레메(네브셰히르),A,,,국화 튤립은 세계 인지도상 네덜란드와 1:1이라 예비로 내림. 나자르는 부적이라 미신 요소 우려가 있으면 파묵칼레 하얀 석회 계단을 상징물로 승격 가능. 아야소피아는 종교 시설 + 돔 혼동군이라 제외,final
uz,우즈베키스탄,아시아,목화,식물,3순위 · 우즈베키스탄 국장에 밀과 함께 그려진 목화송이,수자니 자수 천,우즈베크 멜론,레기스탄 광장 — 광장 세 면에 파란 타일이 벽 전체를 뒤덮은 커다란 아치 문 건물이 나란히 셋 서 있고 그 뒤로 파란 돔이 솟음. 성상·의식·신도·내부 없이 건물 외곽 실루엣만,사마르칸트,A,,,우즈베크 목화는 과거 아동·강제노동 이슈가 있던 소재(2022년 ILO 해제) — 사람이 따는 장면 없이 목화송이와 들판만 그릴 것. 레기스탄의 푸른 타일 돔은 이란 이스파한·카자흐스탄 영묘와 4세에게 동일하므로 세 나라 중 하나만 살리는 것이 안전,final
vn,베트남,아시아,"쌀국수 포 — 맑은 국물에 하얗고 납작한 국숫발이 가득 든 큰 사발. 위에 초록 허브 잎과 얇은 파 고리가 얹히고, 옆에 숙주 한 접시와 라임 조각이 놓임",먹을거리,"4순위 · fact가 이미 '쌀국수 포가 아주 유명해요'라고 말해 음원을 그대로 쓴다(신규 음원 0개). 국기 1순위는 노란 별 하나뿐이라 '국기 별' 20중 혼동군에 들어가고, 국화 연꽃은 eg 이집트 연꽃·gy 빅토리아 수련과 겹쳐 제외",용과 — 겉은 진분홍에 초록 비늘이 삐죽 나고 반으로 자르면 검은 깨 같은 씨가 박힌 하얀 속이 나오는 열매,투옌 퉁 — 대나무를 소쿠리처럼 동그랗게 엮어 만든 1인용 바구니 배. 뱃머리·고물이 없이 완전한 원형이고 노 하나로 빙그르 돎,바위섬이 가득한 하롱베이,하롱,A,,"바위섬이 가득한 하롱베이가 있고, 쌀국수 '포'가 아주 유명해요","포는 it 예비1 파스타와 '면 요리'로 묶이니 같은 판 배제(포는 국물 사발, 파스타는 마른 면). 상징물 음원은 기존 fact를 그대로 써 신규 0개. 하롱베이 그림에 배를 그리지 말 것 — 예비2 바구니 배와 한 나라 안에서 겹친다. 예비2 승격 시 kw·la·mt·no·th 나무배 군과 같은 판 배제 필요하고, mw 예비1 '대나무·갈대로 엮은 고기잡이 통발'과 4세에게 같은 그림이니 둘을 동시에 승격하지 말 것. 논라는 모자 6중 해소로 폐기했고 다시 올리지 말 것",final
ye,예멘,아시아,용혈수(우산처럼 생긴 나무),식물,"5순위 · 국기가 줄무늬뿐이라 1~4순위 없음. 소코트라섬에만 자라는 세계 유일 나무, fact에 이미 있음",,소코트라 사막장미 나무,흙벽돌 고층 마을 시밤,시밤,B,,소코트라섬에는 우산처럼 생기고 빨간 수액이 나오는 신기한 나무가 있어요,분쟁 지역이라 인물·정치 요소 전면 배제. 용혈수는 형태가 워낙 독특해 4세 변별력 A급이지만 붉은 수액 묘사는 피(血) 연상 우려가 있어 나무 형태만 그릴 것,final
ad,안도라,유럽,빨간 소 두 마리,동물,1순위 · 국기 가운데 방패의 네 칸 중 베아른 구역에 빨간 소 두 마리가 실제로 그려져 있음 (ad.svg 확인),피레네 눈 덮인 산길,노랑 바탕에 빨간 굵은 세로줄 네 개가 그려진 무늬(방패 전체·주교관·지팡이는 그리지 말 것),,,,,,"상징물·예비 모두 국기 방패 전체를 부르지 말 것 — 방패의 다른 칸에 주교 관·지팡이(종교 표장)가 있다(규칙4). 상징물은 빨간 소 두 마리만 떼어내 그리고, 예비2도 '노랑 바탕 빨간 세로줄' 무늬만 그린다. 소는 by 유럽들소·md 들소 머리·nl 젖소·sz 응구니 소와 혼동군이라 quiz.js에서 같은 판 배제",final
al,알바니아,유럽,머리가 둘 달린 검은 독수리,동물,1순위 · 국기 한가운데 그려진 쌍두 독수리 + fact가 '독수리의 나라'로 설명,눈 덮인 알바니아 알프스 산봉우리,붉은 바탕의 알바니아 국기,"베라트 옛 마을 — 가파른 언덕에 하얀 집들이 앞집 발치에 지붕이 닿을 만큼 층층이 포개져 있고, 집마다 큰 네모 창이 벽을 가득 채워 창문 격자만 보이는 '창문 천 개 도시'",베라트,B,,알바니아는 국토 대부분이 산과 언덕이라 '독수리의 나라'로 불려요.,독수리 중복 — 폴란드(하얀 왕관 독수리)와 색·머리 수로 반드시 구분해서 그릴 것,final
at,오스트리아,유럽,하얀 별 모양 에델바이스 꽃,식물,"2순위 · 오스트리아 국화이자 알프스 상징, 옛 실링 동전에도 새겨짐",알프스 영양(샤무아),자허토르테 초콜릿 케이크,빈의 커다란 빨간 대관람차,빈,A,Y,,대관람차는 런던아이·요코하마 관람차와 형태가 겹침 — 빨간 나무 곤돌라 상자 모양을 반드시 살릴 것,draft
ba,보스니아헤르체고비나,유럽,금빛 수술이 달린 보스니아 백합,식물,2순위 · 보스니아 고유종 백합으로 옛 국장과 현재까지 국가 상징 꽃으로 쓰임,구리판에 망치로 두드려 무늬를 낸 사라예보 구리 접시,,강 위로 높이 솟은 모스타르 아치 돌다리,모스타르,A,,오래된 돌다리 위에서 강으로 뛰어내리는 다이빙 대회가 열려요.,,final
be,벨기에,유럽,네모 칸이 깊게 파인 와플,먹을거리,"4순위 · fact가 직접 지목, 세계적으로 '벨기에 와플'로 1:1 고정",감자튀김 종이 봉지,나무 틀로 꽃·별 무늬를 찍은 갈색 스페퀼로스 과자,,,,,"감자튀김과 초콜릿, 와플이 유명하고 만화 '땡땡'이 태어난 나라예요.",아토미움은 설계자 저작권이 실제로 행사되고 있어 명소에서 제외함,final
bg,불가리아,유럽,분홍 장미 한 송이,식물,2순위 · 불가리아 국화이며 fact의 '장미 골짜기·장미 축제'와 직결,하얀 요구르트 그릇,불가리아 전통 빨간 자수,"릴라 수도원의 검정·하양 줄무늬 아치 복도와 마당 — 외관 실루엣만, 성상·제단·의식·신도·내부 없음",릴라,B,,불가리아의 '장미 골짜기'에서는 해마다 장미 축제가 열려요.,종교 시설 — 성상·제단은 빼고 흑백 줄무늬 아치와 마당만 그릴 것,final
by,벨라루스,유럽,숲속의 유럽들소,동물,4순위 · fact에 이미 국가 상징 동물로 서술됨(비아워비에자 들소),국기 왼쪽의 빨간 자수 무늬 띠,지붕 위 둥지에 선 하얀 황새(붉은 부리·붉은 다리),,,,,유럽에서 가장 큰 야생 동물인 유럽들소가 벨라루스 숲에 살아요.,상징물(유럽들소)과 명소(비아워비에자 숲)가 사실상 같은 소재라 규칙2로 명소를 비웠다 — 되살리지 말 것. 예비2 파란 수레국화는 ee 상징물과 문자 그대로 겹쳐 하얀 황새로 교체했다,final
ch,스위스,유럽,구멍이 숭숭 뚫린 노란 치즈 덩어리,먹을거리,"4순위 · fact가 치즈를 직접 지목, '구멍 뚫린 치즈=스위스'는 세계적 1:1",네모 초콜릿,알프호른(긴 나팔),삼각형으로 뾰족한 마터호른 눈산,체르마트,S,,"알프스 산맥의 눈 덮인 봉우리가 많고, 달콤한 초콜릿과 치즈로 유명해요","스위스 아미 나이프는 칼(무기)이라 제외. 초콜릿은 벨기에와 겹치므로 벨기에=와플, 스위스=치즈로 분리",draft
cy,키프로스,유럽,바닷가에 앉은 키프로스 고양이,동물,"4순위 · fact가 '길고양이가 아주 많이 산다'고 명시, 키프로스 고양이는 4천 년 된 이 섬 고유의 문화 아이콘",,구리색 섬 모양,,,,,"지중해에서 세 번째로 큰 섬이고, 길고양이가 아주 많이 살아요.",국기(1순위)는 올리브 가지지만 올리브를 그리스에 배정해 예비로 내림 — 아빠 확인 필요,final
cz,체코,유럽,줄에 매달린 나무 꼭두각시 인형,만든것,"4순위 · 체코·슬로바키아 인형극이 유네스코 무형유산, 프라하 골목마다 파는 체코 고유 물건",,보헤미아 유리컵,프라하 광장의 인형이 나오는 커다란 천문시계,프라하,A,Y,600년이 넘은 천문시계가 매시 정각마다 인형 쇼를 보여줘요.,상징물(인형)과 명소(시계) 둘 다 fact 한 문장 안에 있어 음원 재사용 가능,final
de,독일,유럽,굵은 소시지,먹을거리,"4순위 · fact가 '소시지 종류 1,500가지'로 명시, 독일이 스스로 내세우는 일상 음식",하트 모양 프레첼,,산 위에 솟은 노이슈반슈타인 성,퓌센,A,,"소시지 종류가 1,500가지가 넘고, 속도 제한이 없는 고속도로가 있어요.",국장 독수리는 알바니아·폴란드와 중복이라 예비로 내림. 노이슈반슈타인은 특정 테마파크 성과 닮았으므로 실제 사진 비례(길쭉한 몸체+가운데 높은 탑)로,final
dk,덴마크,유럽,알록달록 플라스틱 블록,만든것,"4순위 · fact가 '덴마크에서 처음 만들어졌다'고 명시, 세계적 1:1",하얀 백조(국조),빨강 바탕 하얀 십자 국기,코펜하겐 뉘하운 운하의 알록달록한 집들,코펜하겐,A,Y,"덴마크에서 레고 블록이 처음 만들어졌고, 안데르센 동화도 여기서 태어났어요.",상표 위험 — 로고·돌기 각인 없는 일반 블록으로 그릴 것. 인어공주 동상은 상속인 저작권 행사 중이라 명소에서 제외,draft
ee,에스토니아,유럽,파란 수레국화,식물,"2순위 · 에스토니아 공식 국화, 국기의 파랑과 같은 색",제비(국조),자작나무 숲,"탈린 옛 마을 — 돌로 쌓은 성벽을 따라 빨간 고깔 모양 원뿔 지붕을 쓴 둥근 탑들이 줄지어 붙어 있고, 성벽 안쪽으로 붉은 기와 지붕과 초록빛 뾰족 첨탑이 솟음",탈린,B,Y,,수레국화는 벨라루스에서도 쓰이는 꽃 — 벨라루스는 들소로 갔으므로 충돌 없음,final
es,스페인,유럽,빨간 물방울무늬 플라멩코 치마,입는것,"4순위 · 스페인이 국가 브랜드로 쓰는 전통 복식(트라헤 데 플라멩카), 안달루시아 축제 정식 의상",넓은 팬에 담긴 파에야,나무 기타,"뾰족뾰족 솟은 사그라다 파밀리아(가우디 시대 파사드) — 외관 실루엣만, 성상·의식·신도·내부 없음",바르셀로나,A,,"100년 넘게 짓고 있는 커다란 성당이 있고, 토마토를 던지는 축제도 열려요",가우디(1926년 사망)의 설계는 저작권이 끝났으나 지금 올리고 있는 첨탑부는 현대 설계 — 가우디 시대 파사드 위주로 그릴 것. 종교 건물이므로 외관 실루엣만. 저작권이 걱정되면 구엘 공원의 모자이크 도마뱀으로 교체 가능(4세 인지는 오히려 더 좋음). 투우는 동물 학대라 제외,final
fi,핀란드,유럽,나무 사우나와 물바가지,만든것,"4순위 · 핀란드 사우나는 2020년 유네스코 무형유산 등재, 인구보다 사우나가 흔한 핀란드 고유 생활",,은방울꽃(국화),눈 덮인 침엽수 숲과 그 사이를 걷는 순록 — 라플란드의 겨울 숲(건물·시설·간판·썰매·사람 없음),로바니에미,B,,"호수가 18만 개나 있고, 산타클로스 마을이 있는 나라예요.","사우나에 사람을 그리지 말 것(맨몸) — 빈 나무방, 돌난로, 김만. 무민은 저작권으로 제외",final
fr,프랑스,유럽,기다란 바게트 빵,먹을거리,"4순위 · 2022년 유네스코 무형유산 '바게트 제빵 기술', 프랑스가 스스로 신청해 올린 것",갈리아 수탉,크루아상,에펠탑(낮 모습),파리,S,Y,에펠탑은 여름에 쇠가 늘어나서 키가 15cm쯤 커져요.,"혼동쌍 — 도쿄타워. 에펠탑은 4개 다리와 아치, 갈색 철골로. 야간 조명 연출은 저작권 대상이므로 반드시 낮 그림만",draft
gb,영국,유럽,빨간 이층 버스,만든것,"4순위 · fact가 직접 지목, 세계적으로 영국과 1:1로 묶이는 일상 탈것",빨간 공중전화 부스,김이 나는 찻잔,강가에 선 커다란 시계탑 빅벤,런던,A,Y,"빨간 이층 버스와 커다란 시계탑이 있고, 해리 포터 이야기가 태어난 곳이에요",혼동쌍 — 부다페스트 국회의사당(규칙 8 명시). 그래서 헝가리 명소를 온천으로 돌림. 근위병은 군인이라 제외,draft
gr,그리스,유럽,파도 위로 뛰어오르는 돌고래,동물,2순위 · 올리브는 그리스 국목이며 고대부터 아테네의 상징,검은 그림이 그려진 고대 그리스 항아리(암포라),월계관,산토리니의 파란 지붕 하얀 집 마을,산토리니,A,,,키프로스 국기의 올리브 가지와 중복 — 그리스가 가져가고 키프로스는 고양이로. 파르테논은 4세에게 콜로세움과 구분 불가(혼동쌍)라 명소에서 제외,final
hr,크로아티아,유럽,점박이 강아지 달마시안,동물,"4순위 · fact가 크로아티아 달마티아를 고향으로 명시, 세계적 1:1",빨강·하양 체크무늬 방패(국기),목에 두르는 크라바트(넥타이),플리트비체의 계단처럼 이어진 폭포와 옥색 호수,플리트비체,A,,점박이 강아지 달마시안의 고향이 크로아티아의 달마티아 지방이에요.,달마시안은 101마리 애니메이션 캐릭터 연상 — 캐릭터풍이 아닌 실제 개 그림으로,draft
hu,헝가리,유럽,여섯 면이 알록달록한 정육면체 퍼즐,만든것,"4순위 · fact가 '헝가리가 처음 만든 것'으로 명시, 세계적 1:1",빨간 파프리카,,부다페스트 세체니의 노란 건물 야외 온천,부다페스트,B,Y,"루빅큐브를 처음 만든 나라이고, 온천물이 솟는 곳이 아주 많아요.",상표 위험 — 브랜드 로고 없는 일반 색 큐브로. 부다페스트 국회의사당은 규칙 8의 명시 혼동쌍(런던 국회)이라 명소에서 제외함,final
ie,아일랜드,유럽,초록 세잎클로버,식물,2순위 · 아일랜드가 국가 표장으로 등록해 정부·항공사가 공식 사용하는 샴록,금색 하프(국장),초록 들판의 양,바다 위로 깎아지른 모허 절벽,리스캐너,B,,초록 들판이 끝없이 펼쳐져 '에메랄드 섬'이라는 별명이 있어요.,,draft
is,아이슬란드,유럽,주황 부리의 퍼핀 새,동물,"4순위 · 세계 퍼핀의 절반 이상이 아이슬란드에서 번식, 아이슬란드가 대외적으로 내세우는 상징 새",아이슬란드 조랑말,,하늘로 물기둥이 솟는 게이시르 간헐천,하우카달루르,A,,화산과 빙하가 함께 있어서 '얼음과 불의 나라'라고 불려요.,,final
it,이탈리아,유럽,조각 나뉜 둥근 피자,먹을거리,"4순위 · fact가 '피자와 파스타의 고향'으로 명시, 나폴리 피자 장인 기술은 유네스코 무형유산",돌돌 감긴 파스타,콘에 얹은 젤라토,기울어진 피사의 사탑,피사,S,,"장화처럼 생긴 땅 모양으로 유명하고, 피자와 파스타의 고향이에요.",콜로세움은 파르테논과 혼동쌍(규칙 8)이라 제외 — 기울어짐 하나로 즉시 구별되는 사탑 채택,draft
li,리히텐슈타인,유럽,알프스 풍경이 그려진 톱니 테두리 우표,만든것,"1순위 · 국기에 실제로 그려진 금관 (li.svg), 국기에 왕관만 단독으로 그린 나라는 드물어 1:1 성립",알프스 눈 덮인 봉우리,,파두츠 성 — 포도밭 계단이 깔린 산비탈에 홀로 얹힌 작고 나지막한 하얀 성. 네모난 굵은 탑 하나와 붉은 지붕뿐이고 뾰족탑이 없음. 뒤로 알프스 능선,파두츠,B,Y,,"성·요새 혼동군(de·lt·ro·li + om·qa·sy) — 결정 A에 따라 다 그리되 파두츠는 '포도밭 비탈 위 작고 낮은 하얀 성, 네모 탑 하나, 뾰족탑 없음'으로 잡고 quiz.js에서 같은 판 배제. 상징물은 결정 B대로 우표를 유지하고(되돌리지 말 것) 톱니 테두리와 액면 숫자를 크게 강조해 명소 배경의 알프스와 겹쳐 보이지 않게 할 것. 파두츠 성이 명소로 돌아왔으므로 예비에는 같은 성을 두지 않는다",final
lt,리투아니아,유럽,속이 비치는 노란 호박(앰버) 돌,땅과하늘,"5순위 · '발트의 금'으로 불리는 리투아니아 대표 광물, 국가가 관광·문화 상징으로 공식 사용",농구공,루타 꽃(국화),호수 한가운데 붉은 벽돌 트라카이 성,트라카이,A,,농구를 무척 좋아해서 온 나라가 함께 응원하는 국민 운동이에요.,국장은 백마 탄 기사(칼·창)라 무기 규칙으로 제외. 십자가 언덕은 종교 소재라 명소에서 제외,draft
lu,룩셈부르크,유럽,두 갈래 꼬리를 가진 빨간 사자,동물,3순위 · 룩셈부르크 국장과 대공기의 왕관 쓴 붉은 사자,'붉은 땅' 미네트에서 캔 붉은 철광석 덩어리,,깊은 골짜기 위 절벽에 선 옛 도시와 돌 아치 다리,룩셈부르크,B,Y,,사자 중복 위험이 가장 큰 항목 — 스리랑카·에티오피아·케냐·싱가포르가 아직 미배정. 룩셈부르크는 '실물 사자'가 아니라 빨강·파랑 줄무늬 위의 문장(紋章) 사자(두 갈래 꼬리·왕관)로만 그려 실물 사자와 겹치지 않게 할 것,final
lv,라트비아,유럽,하얀 꽃잎 데이지,식물,"2순위 · 라트비아 공식 국화(큰데이지), 하지 축제 화관에 쓰는 꽃",커다란 참나무,흰할미새(국조),"리가 검은머리 전당 — 자갈 광장에 홀로 선, 좁고 높은 붉은 벽돌 건물 한 채. 지붕 윤곽이 계단처럼 한 칸씩 층져 올라가고 벽면에 금빛 시계와 금장식이 박힘",리가,B,Y,국토의 절반이 숲이어서 나무와 새가 아주 많은 나라예요.,데이지는 세계적으로 흔한 꽃이라 나라와 1:1 연결이 약함 — 국화라는 근거는 분명하나 아빠 확인 필요,final
mc,모나코,유럽,번호 붙은 빨간 경주용 자동차,만든것,"4순위 · fact가 '좁은 도시 도로에서 열리는 자동차 경주'로 명시, 모나코 그랑프리는 이 나라가 스스로 만든 100년 된 행사",,빨강·하양 두 칸 국기,요트가 가득 들어찬 모나코 항구 — 흰 요트 돛대가 촘촘히 늘어선 부두(궁전·성·요새 그리지 않음),모나코,B,Y,좁은 도시 도로에서 자동차 경주 대회가 열리는 아주 작은 나라예요.,실제 팀 로고·스폰서 문양 없이 그릴 것. 몬테카를로 카지노는 도박 소재라 제외,final
md,몰도바,유럽,탐스러운 포도송이,먹을거리,"4순위 · fact가 '온 나라에 포도밭'으로 명시, 몰도바 국장 아래에도 포도 가지가 있음",들소 머리(국장),,,,,,온 나라에 포도밭이 펼쳐져 있어서 포도로 아주 유명해요.,포도를 와인으로 연출하지 말 것(술 금지) — 열매 자체만. 들소는 벨라루스와 중복이라 예비,final
me,몬테네그로,유럽,검게 보이는 험한 바위 산봉우리,땅과하늘,"5순위 · 나라 이름 자체가 '검은 산'이고 fact가 그 뜻을 설명, 로브첸 산이 국가 정체성",숲 사이로 깊게 갈라진 타라 협곡,,바다로 이어진 작은 섬마을 스베티스테판,스베티스테판,A,,"나라 이름이 '검은 산'이라는 뜻이고, 높은 산과 푸른 바다가 있어요.",산 소재는 스위스(마터호른)·슬로바키아(타트라)와 겹칠 수 있음 — 몬테네그로는 '바다 바로 뒤에 솟은 검은 바위산'으로 바다를 함께 넣어 구별,final
mk,북마케도니아,유럽,붉게 익은 고추 한 다발,먹을거리,1순위 · 국기 가운데 그려진 태양 (mk.svg 기술과 flagHint 일치),국기에 그려진 굵은 삼각 빛줄기 여덟 개의 노란 해,,호숫가 절벽에 붙은 붉은 기와 마을과 물 위로 놓인 나무 산책 다리가 보이는 오흐리드 호수,오흐리드,B,,유럽에서 가장 오래된 호수 가운데 하나인 오흐리드 호수가 있어요.,"해 소재 혼동 — 일본(붉은 원), 아르헨티나·우루과이(얼굴 있는 해), 키리바시(반쪽 해)와 반드시 구분. 북마케도니아는 '굵은 삼각 빛줄기 8개'가 식별 포인트",final
mt,몰타,유럽,눈이 그려진 알록달록 나무배 루쭈,만든것,"4순위 · 몰타 어부들이 지금도 쓰는 전통 배, 뱃머리의 '오시리스의 눈'까지 몰타 고유",팔각 몰타 십자,몰타 허니(꿀),,,,,"지중해의 작은 섬나라로, 5천 년이 넘은 돌 신전이 남아 있어요.",몰타 십자는 기사단(군사·종교) 상징이라 예비로 내림. 거석 신전은 4세에게 '그냥 돌더미'로 보일 수 있어 tier B,final
nl,네덜란드,유럽,노란 나무 나막신,입는것,"4순위 · 네덜란드 사람들이 실제로 신어온 클롬펀, 세계적으로 네덜란드와 1:1",빨간 튤립,검정 젖소,킨더다이크 강둑에 줄지어 선 풍차,킨더다이크,S,,바다보다 낮은 땅이 많아서 둑을 쌓고 풍차로 물을 퍼냈어요.,풍차를 상징물이 아니라 명소로 돌려 스페인 라만차 풍차와의 충돌을 피함,draft
no,노르웨이,유럽,용머리가 달린 바이킹 나무배,만든것,"4순위 · 오세베르그·고크스타 배가 노르웨이에서 발굴된 국보, 노르웨이가 국가 정체성으로 내세움",노르웨이 사람들이 겨울에 신는 '셀부' 눈꽃무늬 털장갑,,절벽과 폭포가 둘러싼 게이랑에르 피오르,게이랑에르,A,,빙하가 깎아 만든 깊고 좁은 바닷길 피오르가 아주 유명해요.,배에 방패·창 등 무기 장식을 넣지 말 것. 스웨덴 바사호(나무 큰 배)와 겹치지 않게 스웨덴 명소는 다른 것으로 배정함,final
pl,폴란드,유럽,반달 모양 피에로기 만두,먹을거리,3순위 · 폴란드 국장 그 자체(빨간 방패 위 왕관 쓴 흰 독수리),알록달록한 종이를 대칭으로 오려 만든 폴란드 종이꽃 '비치난키',파란 물방울무늬 도자기,소금 결정이 박힌 지하 갱도와 소금 덩어리(킹가 예배당 조각·샹들리에 제외),비엘리치카,B,,"피아노의 시인 쇼팽이 태어난 나라이고, 소금 광산 속에 소금으로 만든 성당이 있어요","독수리 중복(알바니아) — 폴란드는 '하얀 몸 + 금 왕관 + 머리 하나', 알바니아는 '검은 몸 + 머리 둘'로 색과 머리 수를 확실히 대비시킬 것. 소금 광산은 성당 부분(종교) 말고 소금 기둥·샹들리에·지하 호수만",final
pt,포르투갈,유럽,겉이 바삭하고 윗면이 그을린 에그타르트,먹을거리,"4순위 · fact가 '포르투갈에서 처음 만들어졌다'고 명시, 파스텔 드 나타는 세계적 1:1",파란 그림 타일 아줄레주,코르크참나무 껍질,리스본 언덕길을 오르는 노란 전차,리스본,A,Y,"유럽 대륙에서 가장 서쪽 끝에 있는 땅이 있고, 달콤한 에그타르트가 처음 만들어졌어요",,draft
ro,루마니아,유럽,꽃 자수가 놓인 하얀 블라우스 '이에',입는것,"2순위 · 2022년 유네스코 무형유산 등재, 루마니아가 직접 신청해 올린 전통 복식",닭 무늬를 그린 루마니아 호레즈 도자기 접시,들장미(국화),"브란 성 — 짙은 전나무 숲 언덕 위에 좁고 높이 솟은 하얀 벽의 성. 빨간 기와를 얹은 작고 뾰족한 탑이 여러 개 층층이 붙어 있고 창이 작음. 반드시 밝은 낮과 맑은 하늘, 무섭게 그리지 말 것",브란(브라쇼브),A,,드라큘라 이야기의 무대가 된 트란실바니아 숲과 오래된 성이 있어요,"브란 성은 성 혼동군(de·lt·li)이나 결정 A에 따라 그리되 '좁고 높은 하얀 몸체 + 빨간 기와 뾰족탑 여럿'으로 못박고 quiz.js에서 같은 판 배제. 반드시 밝은 낮, 드라큘라 연출 금지. 국장 독수리는 al·pl과 삼중이라 제외하고, 예비1은 카르파티아 갈색곰이 ru 예비1과 겹쳐 호레즈 도자기로 교체했다",final
rs,세르비아,유럽,빨갛게 익은 라즈베리,먹을거리,4순위 · 세르비아는 세계 최대 라즈베리 수출국이며 정부가 '빨간 금'으로 부르는 국가 대표 작물,,자두,드리나강 강 한가운데 바위 위의 작은 집,바이나바슈타,A,,,fact 속 조코비치는 실존 인물이라 소재에서 제외,final
ru,러시아,유럽,안에서 계속 나오는 마트료시카 인형,만든것,4순위 · 러시아 고유의 목각 인형으로 세계적 1:1,갈색 큰곰,,"알록달록 양파 지붕이 솟은 성 바실리 대성당 — 외관 실루엣만, 성상·의식·신도·내부 없음",모스크바,S,Y,,"체코 꼭두각시 인형과 같은 '인형' 계열 — 마트료시카는 통통한 알 모양, 체코는 줄에 매달린 팔다리 인형으로 형태를 확실히 구분. 성 바실리는 종교 건물이라 외관 실루엣만, 성상·내부 금지",final
se,스웨덴,유럽,꽃무늬가 그려진 빨간 나무 말,만든것,4순위 · 달라나 지방의 달라헤스트는 스웨덴 정부가 국가 상징 기념품으로 공식 사용,접시에 담긴 미트볼,파랑 바탕 노란 십자 국기,스톡홀름 스토르토리에트 광장 — 노랑·주황·빨강으로 칠한 좁고 높은 집 네댓 채가 어깨를 맞대고 나란히 선 자갈 광장. 물도 배도 없음,스톡홀름,B,Y,,바사호(거대한 나무 배)는 노르웨이 바이킹 배와 4세에게 같은 그림이라 명소에서 제외. fact 속 노벨은 실존 인물이라 소재 제외,final
si,슬로베니아,유럽,하얀 리피자너 말,동물,"2순위 · 리피차 마을이 원산지인 슬로베니아 대표 말, 국가가 문화유산으로 지정해 관리",동굴에 사는 '아기 용' 올름,트리글라브 세 봉우리 흰 산(국기),"블레드 호수 한가운데 작은 초록 섬 — 섬 위 건물은 외관 실루엣만, 성상·의식·신도·내부 없음",블레드,S,,"땅의 절반 넘게 숲으로 덮여 있고, 호수 가운데 작은 섬에 성당이 있어요",국기의 트리글라브 산(1순위)은 몬테네그로·슬로바키아 산 소재와 삼중으로 겹쳐 예비로 내림. 블레드 섬은 성당 건물보다 '호수 한가운데 섬'이라는 구도를 주인공으로,final
sk,슬로바키아,유럽,키보다 긴 나무 피리 푸야라,만든것,"2순위 · 2005년 유네스코 무형유산 등재된 슬로바키아 고유 목동 악기, 길이가 2m 가까워 형태가 유일무이",양젖 치즈를 얹은 감자 수제비(브린조베 할루슈키),산 세 봉우리와 두 줄 십자 방패(국장),"슈트르보스케 플레소 — 바늘처럼 뾰족한 회색 화강암 봉우리 바로 아래, 짙은 전나무 숲에 폭 싸인 작고 동그란 초록빛 호수. 물가에 나무 오두막 한 채",슈트르브스케플레소(고타트라),B,,,국장의 두 줄 십자는 종교 상징이라 예비로도 신중히. 타트라 산은 다른 산 소재(몬테네그로·스위스)와 겹치므로 '바늘처럼 뾰족한 회색 봉우리 + 초록 호수'로 특징을 잡을 것,final
sm,산마리노,유럽,바위산 꼭대기에 선 탑 세 개,만든것,1순위 · 국기 방패에 그려진 세 개의 탑 (sm.svg) + fact가 같은 소재를 설명,깃털 장식 방패,,,,,,"이탈리아 안에 쏙 들어가 있는 작은 나라이고, 산꼭대기에 오래된 탑 세 개가 서 있어요",대표 명소가 상징물과 완전히 같은 소재라 명소는 비움 — 한 나라에 같은 그림 두 장이 되는 것을 피함,final
ua,우크라이나,유럽,고개 숙인 커다란 해바라기,식물,"2순위 · 우크라이나 국화이자 fact가 '끝없는 해바라기밭'으로 명시, 국기의 파랑·노랑과 같은 구도",황금빛 밀 이삭,페트리키우카 꽃 그림,클레반의 초록 나무가 덮은 '사랑의 터널' 기찻길,클레반,A,,끝없이 펼쳐진 해바라기밭과 밀밭 덕분에 '유럽의 빵 바구니'라고 불려요,전쟁 관련 이미지·군사 요소가 섞이지 않도록 주의. 키이우 황금 돔 성당은 종교+돔 혼동 문제로 제외,draft
va,바티칸,유럽,위에서 내려다본 두 줄 나선 계단(바티칸 박물관의 달팽이 계단),만든것,1순위 · 국기 하얀 쪽에 그려진 교차 열쇠 (va.svg),가운데서 세로로 나뉜 노랑·하양 두 칸 바티칸 국기,,"성 베드로 대성당과 광장의 둥근 기둥 회랑 — 외관 실루엣만, 성상·의식·신도·내부 없음",바티칸시티,B,Y,,"결정 C에 따라 명소(성 베드로 외관)는 유지하되 외관 실루엣만 — 성상·십자가상·의식·신도·내부 금지. 상징물은 교황 열쇠(종교 표장)라 교체했다: 삼중관도 종교 표장, 스위스 근위대는 군인 + 미늘창이라 예비에서도 뺐다. 대체한 나선 계단은 설계자 주세페 모모(1875~1940) 사후 70년이 지나 저작권 만료 — 사진 모사가 아니라 위에서 내려다본 이중 나선 형태만. 예비가 모두 비어 벤치가 0칸이 되므로 국기색(노랑·하양 두 칸)을 예비1로 넣었다. ※ 상징물 교체는 아빠 확인 필요",final
ao,앙골라,아프리카,뿔이 길게 휘어진 자이언트세이블영양,동물,2순위 · 앙골라만 사는 국가 상징 동물(국가대표 별명 팔랑카스 네그라스). 국기의 칼은 무기 제외 6개국 규칙으로 배제하고 이것으로 대체,,붉은 절벽을 넓게 감싸며 쏟아지는 칼란둘라 폭포,"미라도루 다 루아(달 전망대) — 붉은 흙 벼랑이 촛농이 흘러내린 듯 세로로 주름져 뾰족뾰족 늘어선 절벽 한 면. 절벽 위는 평평한 갈색 들판, 절벽 아래는 파란 대서양. 회색 바늘 바위 숲(bf·mg)이 아니라 '붉은 흙 한 덩어리가 빗물에 파여 골이 진' 모습이고, 물줄기·폭포는 그리지 말 것",루안다 남쪽(벨라스),A,,세상에서 오직 이곳에만 사는 뿔이 긴 자이언트세이블영양이 살아요.,"명소를 달 전망대로 채웠다. 칼란둘라 폭포는 zm 빅토리아와 같은 '넓은 물 커튼'이라 명소로 올리지 않고 예비2에 남겼으므로 ao는 폭포 혼동군에 그대로 둔다. 그림은 붉은 흙 벼랑 한 면만 — 회색 바늘 바위(bf 신도우·mg 칭기)로 보이면 안 되고 물줄기를 넣지 말 것. af 명소 밴드아미르(붉은 절벽 사이 짙푸른 호수)·sa 예비1 알울라 협곡과 '붉은 바위 + 파란 물'로 겹칠 소지가 있으므로, ao는 반드시 '평평한 갈색 들판 아래 세로로 주름진 벼랑 한 면 + 저 아래 바다'로 그려 af(하얀 석회 계단 둑이 가둔 호수)·sa(양쪽 벽이 선 협곡)와 가를 것",final
bf,부르키나파소,아프리카,검정·하양·빨강 무늬를 손으로 그린 흙집 벽,만든것,4순위 · 카세나 사람들이 해마다 직접 벽에 무늬를 그리는 전통 흙집(티에벨레). 국장의 백마는 투르크메니스탄 아할테케와 충돌해 예비로 내림,백마(국장 요소),기장 이삭,칼날처럼 뾰족뾰족 늘어선 신도우 바위 봉우리,신도우,A,,,"가나 켄테 천과 '무늬' 인상이 겹칠 수 있음 — 켄테는 천, 이쪽은 집 벽으로 확실히 구분해 그릴 것",draft
bi,부룬디,아프리카,통나무를 파서 만든 커다란 왕실 북,만든것,"3순위 · 옛 왕국의 표장이던 카리엔다 북, 유네스코 인류무형유산. 국기에는 별뿐이라 별은 중복이 심해 배제",탕가니카 호수의 물고기,뾰족한 뚜껑이 달린 부룬디 '아가세케' 짚 바구니,,,,,,"명소 빈칸 유지: 탕가니카 호숫가(흰 모래·둥근 바위·맑은 물)는 mw 상징물 말라위 호수와 사실상 같은 그림이고, 카레라 폭포는 gh 보티 쌍둥이 폭포와 형태가 겹치는 데다 폭포군이 이미 12개국이다. 나일강 최남단 발원 표지는 기념비 금지 + 피라미드 혼동군, 기쇼라 왕실 북 유적은 상징물(왕실 북)과 같은 소재라 전부 기각",final
bj,베냉,아프리카,노란 셔츠를 입은 오토바이 택시 '제미장'(zémidjan),만든것,"4순위 · 베냉이 서아프리카에서 가장 자랑하는 수출 작물이자 아이도 아는 과일. 국장의 표범은 소말리아 국장과 겹치고, 흙집은 토고(유네스코 쿠타말라쿠)에 양보함",색색 천 조각을 오려 붙여 왕의 상징 무늬를 만든 아보메이 왕궁의 아플리케 천,,호수 위에 나무 기둥을 세워 지은 마을 간비에,간비에,A,,호수 위에 나무 기둥을 세워 만든 마을 간비에가 있어요.,'돌아오지 않는 문'(우이다)은 노예무역 유적이라 금지 소재 — 절대 쓰지 말 것,final
bw,보츠와나,아프리카,검고 하얀 줄무늬 얼룩말,동물,2·3순위 · 보츠와나 국가 지정 동물이며 국장을 양옆에서 받치고 있음. 국기의 검정-하양 띠도 같은 무늬를 뜻함,촘촘히 엮어 흑백 무늬를 낸 보츠와나 바구니,,물길이 갈라지며 풀섬이 떠 있는 오카방고 습지,마운,B,,세계에서 코끼리가 가장 많이 사는 나라예요. 오카방고 습지가 유명해요.,"얼룩말은 케냐·탄자니아 초원 이미지와 겹치지만, 공식 지정은 보츠와나뿐이라 보츠와나가 가져감",final
cd,콩고민주공화국,아프리카,다리에 얼룩말 무늬가 있는 오카피,동물,2순위 · 이 나라 숲에만 사는 국가 상징 동물(중앙은행 표장). fact가 이미 설명함,,코발트빛 광석,불이 끓는 니라공고 화산의 용암 호수,고마,A,,다리에 얼룩말 무늬가 있는 오카피가 이 나라 숲에만 살아요.,니라공고 주변은 분쟁 지역 — 그림은 화산 자체만 담고 마을·사람은 넣지 말 것. 부담되면 명소는 비워도 됨. 콩고강은 cg 명소(브라자빌 앞 급류)가 가져갔으므로 예비1 '콩고강의 물살'은 값째로 비웠다 — cd 카드에 콩고강 물을 다시 올리지 말 것,final
cf,중앙아프리카공화국,아프리카,반짝이는 다이아몬드 원석 세 알,땅과하늘,"3순위 · 국장 네 칸 중 한 칸이 다이아몬드 세 알. 같은 국장의 코끼리는 4세에게 '아프리카 일반' 그림이고, 바오바브는 국목으로 지정한 세네갈이 우선",불에 구워 무늬를 새긴 중앙아프리카의 큰 조롱박 그릇,,,,,,,"명소 빈칸 유지: 보알리 폭포는 zm 빅토리아와 같은 '넓은 물 커튼'이라 4세에게 같은 그림이고, 자낭가상가의 숲 빈터(바이)는 코끼리를 빼면 빈 공터가 되는데 코끼리는 la가 가져간 데다 '아프리카 일반'으로 읽힌다. 화강암 인셀베르크는 통바위산군(9개국) 포화. 상징물 다이아몬드와 다른 소재이면서 형태가 읽히는 명소를 찾지 못했다",final
cg,콩고공화국,아프리카,사카사카 — 카사바 잎을 곱게 찧어 푹 끓인 진초록 나물을 한 그릇에 수북이 담은 것(고기·고추 없이 초록 한 색),먹을거리,"4순위 · 콩고 사람들이 매일 먹는 대표 음식이고 초록 나물 한 그릇은 표 전체에서 유일하다. 국기에 사물이 없고 국장의 사자·코끼리는 다른 나라와 겹치며, 사프 정장·모자는 모자 6중 해소로 폐기. 아프리카 동물 여유 2칸은 쓰지 않았다",테케 라피아 돗자리 — 야자 실을 성글게 엮어 마름모와 빗살 무늬를 넣은 누런 자리,치크왕그 — 카사바 반죽을 초록 잎으로 길쭉하게 말아 끈으로 두 번 묶은 하얀 떡,브라자빌 앞 콩고강의 급류(레 라피드) — 아주 넓은 갈색 강물이 검고 둥근 바위 수십 개 사이에서 하얗게 부글부글 끓어오르며 흘러감. 위에서 아래로 떨어지는 물 커튼(폭포)은 절대 그리지 말 것. 배·다리·건물 없이 강물과 바위만,브라자빌,B,Y,,"상징물은 사카사카(초록 나물 한 그릇) — 사프 정장·모자는 모자 6중 해소로 폐기했고 다시 올리지 말 것. 아프리카 동물 한도(12개국) 여유 2칸을 쓰지 않았다: 고릴라(rw)·만드릴(ga)·코끼리(la)·오카피(cd)·하마(td 예비)·회색앵무(st 예비)가 모두 선점돼 어차피 줄 동물이 없다. 명소는 브라자빌 앞 콩고강 급류 — cd 예비1 '콩고강의 물살'을 값째로 비워 콩고강은 cg가 독점한다(az 불·mr 기차·ne 기린과 같은 규칙). 그림은 낙차 있는 물줄기 금지, '검은 바위 사이에서 끓어오르는 갈색 강물'만. 떨어지는 물을 그리면 폭포 혼동군에 끌려가고 jm 던스리버(낮고 넓은 계단 폭포)와도 겹치므로 안전하게 폭포군에 등록해 두었다. 나무 카누를 넣으면 나무배 상징물군(kw·la·mt·no·th)과 겹치므로 배도 금지. 디오소 협곡은 ao 달 전망대와 중복이라 후보에서 뺐다. 예비1 돗자리는 승격 시 알록달록 무늬 천 군(bj·gh·ir·ml·mz·pa·py·tl·tm)과 같은 판 배제 필요. 상징물 음원 1개 신규 필요(fact는 두 수도 이야기라 재사용 불가)",final
ci,코트디부아르,아프리카,나무에 매달린 카카오 열매와 갈라진 속,먹을거리,4순위 · 세계에서 카카오를 가장 많이 기르는 나라이고 fact가 이미 이를 설명함. 국장의 코끼리는 동물 한도와 '코끼리=아프리카 일반' 문제로 예비로 내림,카사바를 발효해 만든 노란 알갱이 밥 '아티에케',,"만(Man)의 덩굴 다리 — 굵은 덩굴을 손으로 엮어 강 위에 늘어뜨린, 바닥과 난간이 한 몸인 밧줄 터널 모양 다리. 양 끝은 큰 나무 밑동에 묶여 있고 가운데가 U자로 축 처짐. 돌 아치(ba·lu)도 나무판자 다리도 아니며, 다리 아래는 초록 숲과 갈색 강",만(Man),A,,초콜릿 원료인 카카오를 세계에서 가장 많이 기르는 나라예요.,"명소는 만의 덩굴 다리. ba 모스타르·lu 룩셈부르크의 '돌 아치 다리'와 같은 판에 내지 말 것(혼동군 추가 등록). 구별점은 '아치가 아니라 U자로 처진 덩굴 밧줄, 돌·쇠 없음'. ag '악마의 다리'는 바다 위 돌 아치 실루엣이라 형태가 다르지만 물 위 다리라는 점은 같으니 배경을 반드시 초록 정글과 갈색 강으로 그릴 것. 야무수크로 대성당은 돔 + 종교 건축이라 이중으로 제외",final
cm,카메룬,아프리카,나라 이름과 같은 이름을 가진 카메룬산,땅과하늘,"5순위 · 국기·국장에 사물이 없음. 나라 이름과 산 이름이 같아 1:1이 가장 또렷한 자연물이고, 바다 바로 옆에 솟은 활화산이라 형태가 독특함",바뭄 왕국의 구슬로 덮인 왕좌,바뭄 왕국의 머리가 둘 달린 뱀 무늬(왕실 표장),바다로 곧장 쏟아지는 로베 폭포,크리비,B,,,폭포는 잠비아 빅토리아 폭포와 겹침 — 로베는 '바다로 바로 떨어진다'는 점을 그림에서 반드시 살릴 것,final
cv,카보베르데,아프리카,옥수수와 콩을 함께 끓인 한 그릇 카추파,먹을거리,4순위 · 나라가 스스로 '국민 음식'이라 부르는 요리. 국기의 별 열 개는 별 자체가 중복 소재라 배제,산비탈을 층층이 깎아 만든 초록 계단밭(산투안탕섬),,파도가 부서지는 검은 용암 바위와 검은 모래 해안,푸구섬,B,,대서양에 떠 있는 열 개의 화산섬으로 이루어진 섬나라예요.,한 그릇 음식은 4세에게 구별이 약한 편 — 옥수수 알과 콩이 또렷이 보이게 그릴 것,final
dj,지부티,아프리카,굴뚝처럼 솟아오른 압베 호수의 바위 기둥들(꼭대기에서 김이 피어오르고 홍학이 앉아 있음),땅과하늘,5순위 · 국장은 창과 칼이라 무기 규칙으로 전부 배제. 아프리카에서 가장 낮은 땅 아살 호수의 소금밭은 fact가 이미 설명함,,홍해의 고래상어,아살 호수 — 검은 용암 언덕에 둘러싸인 청록빛 소금 호수. 물가에는 소금이 눈처럼 하얗고 두껍게 굳어 넓은 흰 테두리를 이루고 껍질에 얼음장 같은 결이 나 있음. bo 우유니처럼 끝없이 평평한 흰 벌판이 아니라 '검은 산 · 흰 소금 띠 · 청록 물' 세 겹이 한 화면에 나란히 보이게,타주라(아살 호수),A,,아프리카에서 가장 낮은 땅인 아살 호수가 있어요. 소금이 아주 많아요.,"국장에 무기가 있는 나라라 상징물 카드에 국장을 통째로 쓰지 말 것. 명소는 아살 호수로 채웠고 소금 혼동군(bo·il·pk·pl)에 추가 등록했다 — bo 우유니와 갈리려면 '검은 용암 언덕 + 청록 물'을 반드시 함께 그리고 하늘이 비치는 흰 평원 구도는 금지. 상징물 압베 호수와 한 나라 안에 호수가 둘이 되므로, 명소 그림에 바위 기둥·홍학·김을 절대 넣지 말 것(넣는 순간 상징물과 같은 그림이 되어 규칙 위반)",final
dz,알제리,아프리카,바람이 빚은 사하라의 붉은 모래 언덕,땅과하늘,"5순위 · 국기에 사물 없음(초승달·별은 여러 나라와 중복), 국토 대부분이 사하라이고 fact가 이미 이를 설명함 — 사하라 보유국 중 면적 1위라 모래 언덕 카드를 알제리가 가져감",노랑·빨강 기하무늬를 그린 알제리 카빌리 도자기 항아리,,"타실리 나제르의 바위 그림 — 붉은 사암 벽 한 면에 주황·하양 물감으로 그린 기린과 소 떼. 벽을 화면 가득 크게 잡고, 모래 언덕(dz 상징물)과 돌기둥·돌 아치는 그리지 말 것. 사람·활·창은 그리지 않고 동물만",자네트(일리지주),A,,아프리카에서 가장 넓은 나라예요. 국토의 대부분이 사하라 사막이에요.,"명소는 타실리 나제르의 바위 그림. 자기 상징물이 사하라 모래 언덕이므로 명소 그림에 모래 언덕을 넣지 말 것(규칙2). sa 예비2 '히마의 쪼아 새긴 옛 그림'과 4세에게 같은 그림이므로 새 혼동군에 등록했다 — sa 예비2를 명소·상징물로 승격하지 말 것. 벽에 그린 기린이 ne 명소 '쿠레의 살아 있는 기린'과 겹치지 않도록 dz는 반드시 '바위 벽면에 납작하게 그려진 그림'으로, ne는 '들판에 서 있는 실제 동물'로 그릴 것. 사람·활·창이 있는 벽면은 무기 규칙으로 금지, 기린·소 패널만",final
eg,이집트,아프리카,물 위에 활짝 핀 파란 이집트 연꽃,식물,2순위 · 이집트가 공식 국화로 삼은 파란 연꽃. 국기의 독수리는 문장이라 4세에게 다른 독수리들과 구별되지 않음,,파피루스 두루마리,기자의 피라미드와 스핑크스,기자,S,,4500년 전에 만든 피라미드와 스핑크스가 지금도 서 있어요.,연꽃은 인도 국화와 겹침 — 인도는 국조 공작으로 돌리고 연꽃은 이집트가 가져가기로 정리함. 투탕카멘 가면은 실존 인물 규칙에 걸려 예비에서도 뺄 것,final
er,에리트레아,아프리카,국기에 그려진 노란 올리브 가지,식물,1순위 · 국기 빨간 삼각형 안에 올리브 가지와 화환이 그려져 있음,,홍해의 산호,,,,,,"명소 빈칸 유지(기존 메모의 '규칙4'는 '규칙3(저작권)'으로 정정): 아스마라의 이탈리아풍 건축과 마사와 구시가는 식민지 유적이라 금지, 피아트 탈리에로 건물은 설계자 사후 70년 미경과로 저작권 제외, 다흘락 제도는 하얀 모래섬·환초 혼동군(6개국)과 겹치고, 홍해 산호는 예비2이자 4세에게 형태가 읽히지 않는다",final
et,에티오피아,아프리카,빨갛게 익은 커피 열매와 볶은 원두,먹을거리,4순위 · 커피가 처음 시작된 곳이고 fact가 이미 이를 설명함. 국기의 별은 중복 소재라 배제,겔라다 원숭이,테프로 구운 인제라,노랑·초록으로 알록달록한 달롤의 유황 웅덩이,다나킬(아파르주),A,,"커피가 처음 시작된 곳으로 알려져 있고, 달력에 달이 열세 개나 있어요.",랄리벨라 암굴 교회는 종교 시설이라 명소에서 뺌. 커피는 어른 음료지만 열매·원두는 술·담배 금지와 무관,fixed-r1
ga,가봉,아프리카,파랑·빨강 줄무늬 얼굴을 한 만드릴,동물,5순위 · 국기에 사물이 없음. 가봉 숲의 얼굴 마담이자 4세가 한 번 보면 절대 잊지 않는 색을 가진 동물,오쿠메 나무(국장 요소),,"이빈도강의 콩구 폭포 — 정글 한가운데 검고 둥근 바위 무더기 위로 물이 수십 갈래로 갈라져 낮고 넓게 부서져 내림. zm처럼 한 장의 넓은 물 커튼도, cm처럼 바다로 떨어지는 것도, gh처럼 두 줄기도 아님. 무지개·다리·사람 없음",마코쿠(이빈도 국립공원),B,,,명소는 콩구 폭포 — 폭포 혼동군에 추가 등록했다(군 규모 12개국). 반드시 '검은 바위 위에서 수십 갈래로 갈라져 낮고 넓게 부서지는' 형태로 그려 zm 빅토리아(한 장의 넓은 커튼)·cm 로베(바다로 직행)·gh 보티(두 줄기)·jm 던스리버(석회암 계단)·ug 머치슨(좁은 틈에서 분출)과 갈 것. 만드릴(상징물)이 동물이므로 명소에 동물을 넣지 말 것,final
gh,가나,아프리카,색색의 네모가 촘촘한 켄테 천,입는것,4순위 · 아샨티 사람들이 손으로 짜 입는 가나 고유의 천이고 나라를 대표하는 직물로 스스로 내세움. 카카오는 세계 1위인 코트디부아르에 양보,황금 의자(아샨티 왕의 상징),,나란히 두 갈래로 떨어지는 보티 쌍둥이 폭포,보티(동부주),B,,,케이프코스트 성은 식민지·노예무역 유적이라 금지. 켄테 무늬는 부르키나파소 흙집 벽무늬와 인상이 겹치니 '천'임을 분명히 그릴 것,final
gm,감비아,아프리카,껍질을 깐 땅콩 한 줌,먹을거리,"4순위 · 나라 경제를 지탱해 온 대표 작물로, 감비아를 '땅콩의 나라'라 부를 만큼 1:1이 강함. 국장의 도끼·괭이는 무기로 오해될 수 있어 배제",감비아강 어귀에 뿌리를 드러낸 붉은 맹그로브 숲,,와수의 낮은 돌기둥들이 동그랗게 둘러선 들판,와수,B,,,쿤타킨테 섬(제임스 섬)은 노예무역 유적이라 금지 소재 — 명소로 쓰지 말 것. 몰타 즈간티야를 비워 '오래된 돌덩이' 중복이 해소됐고 와수만 남는다 — '낮은 돌기둥이 원을 그리며 서 있는 들판' 구도를 유지할 것. 명소 셀에 섞여 있던 편집 지시문은 제 칸으로 옮겼다. 예비1 피로그는 나무배 6중이라 붉은 맹그로브 숲으로 교체했고 예비2 물수리는 zm 상징물과 같은 종이라 비웠다,final
gn,기니,아프리카,젬베 북 — 잔 모양 나무 몸통에 염소 가죽을 씌우고 검은 줄로 조인 손북,만든것,4순위 · 만딩고 사람들이 대대로 연주해 온 손북으로 기니 국립 예술단이 세계에 알린 소리. 코라는 그림으로 21현 구조를 정확히 그리지 못해 예비로 내림(2026-09-17 결정). 국기에 사물이 없음,코라 악기,,,,,,,"명소 빈칸 유지: 기니의 대표 명소가 전부 푸타잘롱의 폭포인데 디틴 폭포는 ve 앙헬(탁자산에서 한 줄기)과 같은 형태이고 킨콘·캄바다가는 폭포군 포화(12개국)다. '신의 다리' 천연 바위 아치는 td 상징물 엔네디 돌 아치 및 사막 돌 아치군(dj·st·td)과 형태가 겹치고, 푸타잘롱의 둥근 초가집은 둥근 전통 가옥 상징물군(6개국)과 겹친다",final
gq,적도기니,아프리카,국기에 그려진 커다란 판야나무(케이바),식물,1순위 · 국기 한가운데 문장에 실제로 그려진 나무. flagHint도 '가운데엔 나무 문장'이라고 말함,손가락으로 뜯는 작은 나무 손피아노 '산자',,,,,,,"명소 빈칸 유지: 비오코섬 피코 바실레는 화산 혼동군(8개국), 분화구 호수는 산속·섬 호수군(9개국), 말라보 구시가는 식민지 유적 금지, 우레카의 검은 모래 해변은 cv 명소(검은 용암 바위와 검은 모래 해안)와 같은 그림이다. 상징물 판야나무와 다른 소재이면서 형태가 읽히는 명소가 없다",final
gw,기니비사우,아프리카,초승달처럼 휘어진 캐슈넛,먹을거리,4순위 · 이 나라가 파는 것의 대부분이 캐슈넛이라 나라와 1:1로 묶임. 국기의 검은 별은 가나와 겹쳐 배제,바다거북,,"오랑구섬의 바닷물 하마 — 야자수가 늘어선 하얀 모래톱 앞 얕은 바닷물에 하마 두세 마리가 몸을 반쯤 담그고 있음. 강이나 호수가 아니라 파란 바다와 밀물 자국이 함께 보이게, 진흙 늪은 그리지 말 것",오랑구섬(비자고스 제도),B,,,"명소는 오랑구섬의 바닷물 하마. td 예비1이 '하마(차드호)'라 새 혼동군에 함께 등록했다 — td 하마를 명소·상징물로 승격하지 말 것. 그림에서 물빛은 반드시 바다 파랑, 배경은 야자수와 모래톱(차드호 진흙 물가처럼 보이면 안 됨). 다만 야자수와 하얀 모래톱을 크게 잡으면 '바다 위 하얀 모래섬·환초' 군(ki·mv·nr·sb·sc·tv)과 뭉치므로 하마를 화면 주인공으로 크게 그리고 섬은 배경에 낮게 깔 것. 비자고스 섬 전경 구도는 금지",final
ke,케냐,아프리카,색색 구슬을 둥글게 엮은 마사이 목걸이,입는것,"1순위 변형 · 국기에 그려진 것은 마사이 방패와 창인데, 창은 무기 제외 6개국 규칙 대상이라 같은 마사이 문화에서 무기가 아닌 구슬 목걸이로 바꿔 잡음",키온도(손으로 짠 시살 바구니 가방),,분홍 플라밍고 떼가 덮은 나쿠루 호수,나쿠루,A,,,창 제외 규칙 준수. 마사이 문화는 탄자니아와 공유하므로 탄자니아 쪽은 마사이 소재를 쓰지 않음. 플라밍고는 탄자니아 나트론 호수와 겹치니 탄자니아 명소는 킬리만자로로 고정,final
km,코모로,아프리카,별 모양으로 갈라진 노란 일랑일랑 꽃,식물,"3순위 · 국장에 일랑일랑 꽃이 그려져 있고, 이 나라가 세계에서 가장 많이 길러 내는 향기 꽃",실러캔스(공룡 시대 물고기) — 동물 한도에 밀림,,"라크 살레(소금 호수) — 바닷가에 뚫린 동그란 분화구에 짙은 초록빛 물이 가득 고여 있고, 좁은 바위 둑 하나를 사이에 두고 바로 옆이 파란 바다. 비스듬히 내려다본 구도로 '초록 동그라미'와 '파란 바다'가 나란히 보이게. 분홍(sn)·노랑 유황(et)·사막 속 호수(td)와 색으로 구별하고 물이 끓거나 김이 나면 안 됨(dm). 산꼭대기 분화구 호수(sv 산타아나)가 아니라 바닷가 분화구이므로 화면에 반드시 바다가 함께 들어가야 하고 산봉우리는 그리지 말 것",미차미울리(그랑드코모르섬),B,,,"명소는 라크 살레. '색이 특이한 물·웅덩이' 혼동군에 추가 등록했다 — sn 분홍·et 노랑 유황·dm 끓는 물·td 사막 호수와 갈리려면 '초록 물 + 바로 옆 파란 바다 + 동그란 분화구 테두리' 세 가지를 반드시 함께 그릴 것. 통합 검증에서 sv 산타아나 화산 명소('사발처럼 파인 분화구에 형광 청록 물, 비스듬히 내려다본 구도')가 같은 그림임을 새로 잡아 sv도 같은 군에 등록했다 — km은 바닷가, sv는 산꼭대기로 갈고 km 그림에는 산봉우리를 절대 넣지 말 것. nr 예비2 '부아다 라군(섬 한가운데 초록 민물 호수)'도 같은 계열이니 승격 금지. 카르탈라 화산은 화산군 포화로 기각",final
lr,라이베리아,아프리카,컵을 매단 고무나무에서 흘러내리는 하얀 수액,식물,"4순위 · 세계에서 손꼽히는 고무 농장이 있는 나라로, 나무에 컵을 달아 수액을 받는 모습이 라이베리아 하면 떠오르는 일상",국장의 범선,후추 꽃(국화),,,,,,"명소 빈칸 유지: 프로비던스섬과 몬로비아 구시가는 노예무역·식민지 유적이라 금지, 사포 국립공원의 피그미하마는 gw 명소(바닷물 하마)와 같은 동물이라 중복, 크파타위 폭포는 폭포군 포화(12개국), 로버츠포트 해변의 알록달록한 어선은 나무배·알록달록 탈것 상징물군과 충돌, 프리타운식 목화나무는 gq 상징물 판야나무와 같은 나무다",final
ls,레소토,아프리카,모코롤로 — 꼭대기에 매듭 같은 돌기가 뾰족 솟은 누런 밀짚 원뿔 모자. 겉면에 나선 골이 돌아가고 챙이 좁음(국기 한가운데에 같은 모양이 검게 그려져 있음),입는것,1순위 · 국기 한가운데 실제로 그려진 모코롤로 모자. flagHint도 '검은 모자 그림'이라고 말함. 전 표에서 '머리에 쓰는 것'을 상징물로 쓰는 유일한 나라로 고정(2026-09 모자 6중 해소),눈 덮인 산길의 조랑말,양털,"사니 패스의 지그재그 산길 — 풀로 덮인 가파른 산비탈을 갈색 흙길이 여러 번 되꺾이며 'Z'자를 겹쳐 놓은 모양으로 기어올라 꼭대기의 평평한 고원에 닿음. 눈·조랑말·자동차는 그리지 말 것(예비1 조랑말과 구별), 길과 비탈만",모클로트룽(사니 패스),B,,,"명소는 사니 패스의 지그재그 산길. 예비1이 '눈 덮인 산길의 조랑말'이라 명소 그림에는 눈과 조랑말을 절대 넣지 말 것(같은 그림이 되면 규칙3 위반). 눈을 넣으면 눈 덮인 뾰족한 산 혼동군(9개국) 및 ad 예비1 '피레네 눈 덮인 산길'과도 겹친다. 말레추냐네 폭포는 폭포군 포화로 기각, 카체 댐은 20세기 구조물이라 제외. 상징물 모코롤로는 모자 축 단독 보유국 — 다른 나라 상징물·예비에 모자·머리쓰개를 올리지 말 것. ng 겔레(머릿수건)만 머리쓰개로 남으니 ls↔ng는 같은 판 배제",final
ly,리비아,아프리카,주렁주렁 달린 대추야자 열매 송이,먹을거리,4순위 · 사막 오아시스마다 심어 먹고 파는 리비아 사람들의 일상 과일. 국기의 초승달·별은 알제리·튀니지·모리타니와 겹쳐 배제,,지중해 바닷가의 하얀 집,,,,,,"명소 빈칸 유지(기존 판단 유지): 아카쿠스 돌 아치는 td 상징물 엔네디 돌 아치와 같은 사하라 천연 아치라 기각했고, 사하라 모래 언덕은 dz 상징물이 가져갔으므로 리비아 그림에 모래 언덕을 주인공으로 넣지 말 것. 렙티스마그나·사브라타·가다메스는 분쟁지 문화재 기준(팔미라·크락 데 슈발리에와 동일)으로 전면 제외, 우바리 호수는 모래 언덕 + 오아시스 물웅덩이(om 예비2와 중복)라 기각. 대추야자 열매 송이는 리비아가 독점하며 걸프 6개국 예비에서는 값째로 뺐다",final
ma,모로코,아프리카,뾰족한 고깔 뚜껑이 덮인 타진 냄비,먹을거리,"4순위 · 모로코 집집마다 쓰는 고유한 모양의 조리 그릇으로, 생김새 자체가 모로코와 1:1로 묶임. 국기의 초록 별은 중복 소재",앞코가 뾰족한 노란 모로코 가죽 슬리퍼 '발가',모로코에서만 나는 아르간 열매와 황금빛 아르간 기름,온통 파랗게 칠한 쉐프샤우엔의 골목,쉐프샤우엔,S,,,튀니지 시디부사이드도 파랑·하양 마을이라 겹침 — 튀니지 명소는 마트마타 굴집으로 돌려 해소함,final
mg,마다가스카르,아프리카,꼬리에 검고 하얀 고리가 있는 여우원숭이,동물,2순위 · 이 섬에만 사는 나라의 얼굴이고 fact가 이미 설명함,바닐라 꼬투리,카멜레온,칼날 같은 회색 바위가 숲을 이룬 칭기,베마라하,A,,"세계에서 네 번째로 큰 섬이고, 여우원숭이는 이곳에만 살아요.",바오바브 거리를 명소로 쓰면 세네갈 상징물(바오바브)과 충돌 — 그래서 칭기로 잡음,draft
ml,말리,아프리카,진흙으로 무늬를 낸 보골란 천,입는것,4순위 · 말리 사람들이 진흙으로 물들여 입는 이 나라 고유의 천(보골란피니). 국장에 그려진 젠네 사원은 명소 쪽으로 돌림,발라폰(나무 실로폰),치와라(영양 모양 나무 머리 장식),"진흙 벽에 통나무 기둥이 삐죽삐죽 박힌 젠네의 흙 건물 — 외관 실루엣만, 성상·의식·신도·내부 없음",젠네,A,,흙으로 지은 세계에서 가장 큰 건물인 젠네 진흙 사원이 있어요.,젠네 건물은 이슬람 사원이라 종교색이 있음 — 사람·예배 장면 없이 건물 겉모습만 그릴 것. 보골란 무늬는 가나 켄테와 색을 다르게(흙빛 대 원색) 가져갈 것,final
mr,모리타니,아프리카,사막을 가로지르는 아주 긴 철광석 기차,만든것,"4순위 · 모리타니 사람들이 실제로 타고 다니는, 길이가 2km가 넘는 세계에서 가장 긴 기차. 국기의 초승달·별은 중복 소재라 배제",,말린 생선,사막에 그려진 커다란 동그라미 '사하라의 눈',우아단,S,,사막 한가운데에 '사하라의 눈'이라 불리는 커다란 동그란 무늬가 있어요.,기차 그림은 4세가 가장 좋아하는 소재라 인지도는 최상. 다만 다른 나라에 기차 카드를 또 주면 안 됨,final
mu,모리셔스,아프리카,날지 못했던 둥근 몸의 새 도도,동물,3순위 · 국장을 받치고 있는 새이자 이 섬에만 살았던 나라의 얼굴. fact가 이미 설명함,인도양 위로 솟은 르 모른 브라방 바위산,,빨강·노랑·보라로 줄무늬 진 샤마렐의 일곱 빛깔 흙,샤마렐,A,,날지 못하는 새 도도가 살던 섬나라예요. 지금은 박물관에서만 만날 수 있어요.,도도가 멸종했다는 사실은 4세에게 슬플 수 있으니 해설은 '옛날에 살던 새'로만 다룰 것,final
mw,말라위,아프리카,수평선까지 이어지는 말라위 호수 — 둥근 바위들이 놓인 흰 모래 물가와 유리처럼 맑은 물(수면 위에서 본 시점),땅과하늘,5순위 · 국기의 떠오르는 해는 일본·니제르·르완다·나미비아와 겹쳐 못 씀. 세계 어느 호수보다 물고기 종류가 많다는 점을 fact가 이미 설명함,대나무와 갈대로 엮은 말라위 호수의 큰 고기잡이 통발,은시마(옥수수 죽),"물란제산 — 평평한 초록 차밭 한가운데서 성벽처럼 곧장 솟아오른 거대한 회색 화강암 덩어리 산. 꼭대기가 여러 갈래 봉우리로 갈라져 있어 매끈한 돔(sz 시베베)도, 한 개의 기둥 바위(ng 주마)도, 식탁처럼 평평한 산(za)도 아님. 눈·연기·용암 없음(화산이 아님)",물란제,B,,커다란 말라위 호수에는 세계 어느 호수보다 많은 종류의 물고기가 살아요.,"명소는 물란제산 — 통바위산 혼동군에 추가 등록했다(9개국). ng 주마 바위와 문장이 가장 가까우니 구별점을 반드시 지킬 것: 물란제 = '꼭대기가 여러 봉우리로 갈라진 덩어리 + 발치의 평평한 차밭', 주마 = '봉우리 하나 + 사람 얼굴처럼 파인 세로 홈'. cm 상징물 카메룬산과도 '큰 산'으로 겹칠 수 있으니 물란제는 회색 화강암 벽면과 갈라진 봉우리로, 카메룬산은 검은 화산 사면으로 그려 가를 것. 말라위 호수는 상징물이므로 명소 그림에 물을 넣지 말 것. 예비1 '대나무·갈대로 엮은 고기잡이 통발'은 vn 예비2 '투옌 퉁(동그랗게 엮은 대나무 바구니 배)'과 4세에게 같은 그림이니 둘을 동시에 승격하지 말 것",final
mz,모잠비크,아프리카,두 쪽이 활짝 펼쳐진 하얀 책 한 권,만든것,1순위 · 국기에 실제로 그려진 책이고 fact가 이미 이를 설명함. 같은 국기의 AK-47은 무기 제외 6개국 규칙 대상이라 반드시 뺌,모잠비크 여성이 두르고 아기를 업는 알록달록한 '카풀라나' 천,흑단을 깎아 사람들이 층층이 이어진 모습으로 만든 마콘데 나무 조각,,,,,국기에 책이 그려져 있어요. 열심히 배우자는 뜻이 담겨 있대요.,"명소 빈칸 유지(기존 판단 유지): 모잠비크섬 옛 시가지는 식민지 유적이라 금지, 고롱고사 사파리는 아프리카 동물 소재와 겹쳐 제외. 이번 재검토에서 바자루투 제도의 흰 모래 언덕도 dz·na·mr의 사막 모래 언덕 혼동군과 4세에게 같은 그림이라 기각했고, 토푸의 고래상어는 dj 예비2와 중복이다. 상징물 프롬프트에 국기·문장 전체를 절대 부르지 말 것: 모잠비크 문장은 책·괭이·AK-47이 한 도안이라 소총이 따라온다. 펼친 책 한 권만 단독으로 그린다",final
na,나미비아,아프리카,사막에 낮게 퍼진 천년 식물 웰위치아,식물,3순위 · 나미비아 국장에 그려진 나라의 식물이고 이 사막에만 자람. 국기의 노란 해는 중복 소재라 배제,속이 빈 굵은 줄기가 위로 여러 갈래로 갈라진 나미비아 코커붐 나무,,주황 모래언덕 아래 하얀 바닥에 선 검은 고목들,소수스블레이,S,,세계에서 가장 오래된 사막으로 불리는 나미브 사막이 바다와 맞닿아 있어요.,"명소(데드블레이)는 dz 상징물·sa·mn 모래언덕과 사막 혼동군이나 '주황 모래언덕 아래 하얀 바닥에 선 검은 고목'이라는 구도로 갈린다. 예비2 나미브 주황 모래는 자기 명소와도 dz 상징물과도 겹쳐 비웠고, 예비1 오릭스는 qa 상징물 아라비아오릭스와 같은 동물이라 코커붐 나무로 교체했다(식물이라 규칙7에도 영향 없음)",final
ne,니제르,아프리카,사막에서 찾아낸 니제르사우루스 공룡 뼈,땅과하늘,5순위 · 국기의 주황 동그라미는 일본·말라위와 겹쳐 못 씀. 나라 이름이 붙은 공룡이 이 사막에서만 나와 1:1이 완벽하고 fact가 이미 설명함,,투아레그의 은 십자 장식,"쿠레의 기린 — 마른 덤불과 기장밭 사이를 걸어 다니는 옅은 모래빛 기린 서너 마리. 사막 모래 언덕이 아니라 낮은 가시나무가 흩어진 사헬 들판이고, 사파리 차·사람·울타리는 그리지 말 것",쿠레(티라베리주),B,,사하라 사막에서 니제르사우루스라는 공룡의 화석이 발견됐어요.,"명소는 쿠레의 기린. 기린 카드는 니제르 하나뿐이니 다른 나라에 기린을 주지 말 것(mr 기차와 같은 독점 규칙). 유일한 예외가 dz 명소 타실리 바위 그림 속 기린인데, 그쪽은 '바위 벽면에 납작하게 그려진 그림'이고 ne는 '들판에 서 있는 실제 동물'이므로 반드시 그렇게 갈라 그릴 것. '아프리카 일반'으로 읽히지 않도록 배경은 사바나 사파리가 아니라 사헬 덤불과 기장밭으로 그리고 모래 언덕(dz 상징물)은 금지. 상징물 니제르사우루스 뼈와는 '뼈 대 살아 있는 동물'로 갈림",final
ng,나이지리아,아프리카,크게 접어 올린 화려한 머릿수건 겔레,입는것,"4순위 · 나이지리아 사람들이 잔치 때마다 두르는 고유한 머리 장식으로, 접는 모양이 나비처럼 독특함. 국기에 사물이 없음",졸로프 라이스(빨간 밥),국화인 노란 나팔 모양 꽃,주마 바위 — 평평한 초록 들판에서 곧장 수직으로 솟은 회색 화강암 덩어리 하나. 한쪽 면에 사람 얼굴처럼 보이는 세로 홈이 길게 파였고 발치에만 나무가 둘림,수레(아부자 인근),B,,,주마 바위는 에스와티니 시베베·호주 울루루와 4세에게 같은 그림 — 셋 중 하나만 살릴 거면 울루루(호주)를 우선하고 여기는 비울 것. 겔레는 옷만 그리고 사람 얼굴은 넣지 말 것,final
rw,르완다,아프리카,숲에 앉아 있는 마운틴고릴라,동물,2순위 · 르완다가 해마다 새끼 고릴라 이름 짓기 행사를 열 만큼 나라가 스스로 내세우는 동물이고 fact가 이미 설명함,국기의 노란 해,,"천 개의 언덕 계단밭 — 둥글둥글한 초록 언덕이 꼭대기까지 폭 좁은 계단밭으로 층층이 깎여 등고선 무늬를 이루고, 밭마다 초록 빛깔이 조금씩 다름. 골짜기에 빨간 지붕 작은 집 몇 채. 화산 봉우리·돌 유적·사람은 그리지 말 것",무산제(북부주),B,,숲속에 사는 마운틴고릴라를 가까이에서 볼 수 있는 나라예요.,"명소는 천 개의 언덕 계단밭. cv 예비1 '산비탈을 층층이 깎아 만든 초록 계단밭(산투안탕섬)'과 4세에게 같은 그림이므로 새 혼동군에 함께 등록했다 — cv 예비1을 명소로 승격하지 말 것. 구별이 필요하면 rw는 '둥글둥글한 언덕이 끝없이 이어진 넓은 풍경', cv는 '칼날 능선의 좁은 비탈'. 화산 봉우리를 배경에 넣으면 화산군과 겹치므로 금지. 골짜기의 빨간 지붕 집은 몇 채만 작게 — 크게 그리면 '유럽풍 구시가지·색색 집 마을' 군(12개국)으로 읽힌다",final
sc,세이셸,아프리카,세상에서 가장 큰 씨앗 코코드메르,식물,2순위 · 세이셸이 나라의 상징으로 삼아 여권 도장에까지 쓰는 씨앗이고 fact가 이미 설명함,,세이셸 앵무,둥글둥글한 분홍 화강암 바위가 놓인 하얀 모래 해변,라디그섬,A,,세계에서 가장 큰 씨앗이 열리는 야자나무가 자라는 섬나라예요.,코코드메르 씨앗은 옆에서 보면 사람 몸을 닮았다는 말이 있음 — 반드시 위에서 본 하트 모양으로만 그릴 것,final
sd,수단,아프리카,파란 강과 하얀 강이 만나 하나가 되는 나일강,땅과하늘,5순위 · 국기에 사물이 없고 국장의 뱀잡이수리는 동물 한도에 걸림. 빛깔이 다른 두 강이 하르툼에서 만나는 모습은 수단에만 있는 그림,아라비아고무나무,누비아 흙집의 칠한 벽,"모래언덕 위에 빽빽이 늘어선, 폭이 좁고 키가 작은 메로에 피라미드 수십 기",메로에,A,,이집트보다 더 많은 피라미드가 사막에 남아 있는 나라예요.,"혼동 쌍 — 메로에 피라미드는 이집트 기자 피라미드와 4세에게 같은 그림. 반드시 '작고 좁고 여러 개가 다닥다닥'으로, 이집트는 '아주 크고 세 개'로 대비시킬 것",fixed-r1
sl,시에라리온,아프리카,"붉게 익은 기름야자 열매 송이 클로즈업 — 나무·잎 실루엣 금지, 열매 알갱이만 화면 가득",식물,"3순위 · 국장 양옆에 야자나무 두 그루가 그려져 있고, 붉은 야자 기름은 이 나라 부엌의 기본 재료. 다이아몬드는 국장에 다이아몬드가 있는 중앙아프리카공화국에 양보",,사자 모양 산줄기(나라 이름의 뜻),,,,,,"명소 빈칸 유지: 프리타운 코튼 트리는 gq 상징물 판야나무와 같은 나무이고 2023년 쓰러졌으며, 번스섬은 노예무역 유적이라 금지, 타쿠가마 침팬지는 원숭이 상징물군(bb·et·ga·mg)과 겹치고, 사자 모양 산줄기는 예비2이자 능선만으로는 형태가 읽히지 않는다. 리버넘버투 해변은 다른 하얀 모래 해변 카드와 구별되지 않는다",final
sn,세네갈,아프리카,줄기가 굵고 가지가 뿌리처럼 뻗은 바오바브나무,식물,2·3순위 · 세네갈이 나라의 나무로 정했고 국장에도 그려져 있음. 우선순위가 가장 높아 바오바브 카드는 세네갈이 가져감,유리 뒷면에 그려 색을 입힌 세네갈 민속 그림 '수웨르',,물빛이 분홍인 레트바 호수,다카르 인근,S,,,고레섬은 노예무역 유적이라 금지 소재. 바오바브는 마다가스카르 명소와 겹치므로 마다가스카르는 칭기로 돌림,final
so,소말리아,아프리카,등에 혹이 하나 있는 낙타,동물,"4순위 · 세계에서 낙타가 가장 많은 나라로, 젖과 이동을 모두 낙타에 기대어 사는 일상 그 자체. fact가 이미 설명함",유향나무의 향기 나는 수지,국기의 하얀 별,,,,,"낙타가 세계에서 가장 많이 살고, 해안선도 아주 길게 뻗어 있어요.","명소 빈칸 유지: 라스 겔 암각화는 분쟁국 문화재 기준으로 보류했고, 같은 '바위에 그린 옛 그림' 형태를 이번에 dz 타실리가 가져갔으므로 중복이기도 하다. 유향나무 수지는 예비1, 베르베라·모가디슈 해안은 다른 해변 카드와 구별되지 않으며 낙타는 상징물이다",final
ss,남수단,아프리카,부채처럼 퍼진 수드 습지의 파피루스 풀,식물,5순위 · 국기에 사물이 없고 국장의 물수리는 잠비아 국기와 겹침. 세계에서 가장 넓은 축에 드는 습지를 뒤덮은 풀이라 남수단 땅 그 자체,,뿔이 아주 긴 앙콜레 소,"보마 평원의 흰귀코브 대이동 — 지평선까지 이어지는 마른 초원을 작은 영양 수만 마리가 같은 방향으로 점점이 메우며 걸어감. 한 마리를 크게 그리지 말고 무리 전체를 멀리서 잡을 것(ke 나쿠루의 분홍 플라밍고 카드와 같은 '무리로 덮인 땅' 구도, 색은 황토빛)",보마 국립공원(종글레이주),B,,,"명소는 보마 평원의 흰귀코브 대이동. ss는 이미 '뿔 달린 큰 초식동물·소' 상징물 혼동군에 들어 있으므로 군 추가는 필요 없으나, ao 상징물(자이언트세이블영양 한 마리)과 같은 판에 내지 말 것 — 이미 같은 군이라 자동 배제된다. 그림은 반드시 '멀리서 본 무리', 한 마리 클로즈업 금지. 색은 황토빛으로 ke 나쿠루의 분홍 플라밍고와 갈 것. 예비2 앙콜레 소와도 구도로 갈린다",final
st,상투메프린시페,아프리카,정글 위로 바늘처럼 솟은 칸그란데 바위,땅과하늘,5순위 · 국기의 별 두 개는 중복 소재이고 국장의 앵무새는 동물 한도에 걸림. 초록 숲 위로 곧게 선 돌기둥은 이 섬에만 있는 형태,아프리카회색앵무(국장 요소),,,,,,,"명소 빈칸 유지: 로사(옛 농장 저택)는 식민지 유적이라 금지, 롤라스섬 적도 표지석은 기념비 금지, 보카 두 인페르누의 물기둥은 to 마푸아·ws 토수아 블로우홀군과 중복, 라고아 아줄의 바오바브는 굵은 줄기 큰 나무 상징물군(bz·gq·lb·na·sn·ye)과 겹친다. 상징물 칸그란데 바위가 이미 이 섬의 유일무이한 형태를 가져갔다",final
sz,에스와티니,아프리카,풀을 엮어 만든 벌집 모양 둥근 집,만든것,4순위 · 이 나라 사람들이 실제로 지어 사는 전통 집. 국기의 방패와 창은 무기 인상이 있어 상징물에서 제외,움흘랑가 축제의 갈대 다발,응구니 소,"시베베 바위 — 초록 숲 언덕 위에 얹힌, 붉은빛 도는 매끈하고 둥근 화강암 돔. 모서리 없이 한 덩어리가 완만하게 부풀어 오른 모양",음발라네,B,,,시베베 바위는 호주 울루루와 4세에게 사실상 같은 그림 — 호주를 캥거루로 가면 해소되지만 울루루를 쓸 거면 여기는 명소를 비울 것,final
td,차드,아프리카,사막에 다리처럼 걸린 엔네디의 돌 아치,땅과하늘,5순위 · 국기에 사물이 없고 국장의 사자·염소는 다른 나라와 겹침. 모래 위에 자연이 만든 돌다리는 차드에만 있는 형태,하마(차드호),염소(국장 요소),모래 한가운데 빛깔이 다른 우니앙가 호수들,우니앙가(엔네디),A,,,사막 소재가 두 개라 알제리 모래 언덕과 섞이지 않게 — 차드 쪽은 검은 바위가 주인공이 되도록 할 것,fixed-r1
tg,토고,아프리카,진흙으로 빚은 작은 성 같은 이층 흙집,만든것,4순위 · 바탐마리바 사람들이 지어 사는 타킨타 흙집. 유네스코에 오른 쿠타말라쿠가 토고 땅이라 이 소재는 토고가 가져가고 베냉은 파인애플로 돌림,얌을 절구에 찧어 만든 푸푸,국기 왼쪽 위의 하얀 별,,,,,,"명소 빈칸 유지: 대표 유산 쿠타말라쿠(타킨타 흙집)는 이미 상징물이 가져갔고, 로메 대시장은 알록달록 무늬 천 상징물군(cg 추가로 10개국)과 충돌하며 물신시장은 종교 금지 대상이다. 워메 폭포는 폭포군 포화(12개국), 토고 호수는 다른 호수 카드와 구별되지 않고, 미사회에의 나비는 mx 상징물 제왕나비와 겹친다",final
tn,튀니지,아프리카,하얗고 작은 재스민 꽃송이,식물,2순위 · 튀니지가 나라의 꽃으로 삼아 '재스민의 나라'라 불림. 국기의 초승달·별은 알제리·리비아·모리타니와 겹쳐 배제,하리사(빨간 고추 양념),,땅을 파 내려가 만든 마트마타의 굴집,마트마타,A,,튀니지의 사하라 사막에서는 영화 스타워즈의 사막 장면을 찍었어요.,시디부사이드 파란 마을은 모로코 쉐프샤우엔과 같은 그림이라 명소에서 뺌. 재스민 꽃은 작아서 4세 구별이 약하니 명소를 함께 쓰는 편이 좋음,final
tz,탄자니아,아프리카,이 나라에서만 나오는 파란 보석 탄자나이트,땅과하늘,5순위 · 국기에 사물이 없음. 보석 이름에 나라 이름이 그대로 들어 있고 세계에서 이곳 한 군데서만 나와 1:1이 완벽함,잔지바르의 놋못 박힌 조각 나무 문,정향(향신료),꼭대기에 눈이 쌓인 킬리만자로산,모시,S,,탄자니아에는 아프리카에서 가장 높은 킬리만자로산이 우뚝 솟아 있어요.,"중앙아프리카공화국 다이아몬드와 '보석'으로 묶임 — 탄자나이트는 진한 파랑, 다이아몬드는 무색으로 색을 갈라 그릴 것. 마사이 소재는 케냐가 가져갔으므로 여기서 쓰지 말 것",fixed-r1
ug,우간다,아프리카,머리에 금빛 깃털 왕관을 인 왕관두루미,동물,1순위 · 국기 한가운데 하얀 원 안에 실제로 그려진 새. flagHint도 '하얀 원에 새'라고 말함,,달걀부침을 밀전병에 돌돌 말아 싼 우간다 길거리 음식,"머치슨 폭포 — 나일강 전체가 폭 7미터짜리 좁은 바위 틈으로 쑤셔 들어가 하얀 물기둥이 되어 대포처럼 터져 나오는 폭포. 넓은 물 커튼(zm)·두 줄기(gh)·바다로 떨어짐(cm)·여러 갈래(ga)·석회암 계단(jm)이 아니라 '좁은 틈에서 한 덩어리로 뿜어 나옴'. 양옆은 검은 바위 절벽, 다리·사람·배 없음",파라(머치슨폴스 국립공원),A,,,"명소는 머치슨 폭포 — 폭포 혼동군에 추가 등록했다(군 규모 12개국). 반드시 '폭 7m 바위 틈 + 터져 나오는 흰 물덩어리'로 그려 zm·gh·cm·ga·jm·hr·la·no·ve와 갈 것, 넓게 퍼지는 커튼 구도는 금지. 고릴라는 rw 상징물이므로 우간다 카드에 넣지 말 것. 적도 기념탑은 기념비 금지 규칙으로 제외(기존 메모 유지), 카수비 왕릉은 무덤 + 둥근 전통 가옥 상징물군이라 제외",final
za,남아프리카공화국,아프리카,왕관처럼 활짝 벌어진 분홍 킹프로테아,식물,2순위 · 남아공이 공식 국화로 정한 꽃이고 국가대표 별명도 여기서 옴. 사파리 동물로 가면 케냐·보츠와나와 뭉뚱그려지므로 피함,스프링복(국가 지정 동물),,위가 식탁처럼 평평한 테이블마운틴,케이프타운,S,,,fact가 사자·코끼리·코뿔소를 말하지만 상징물은 꽃으로 잡아 아프리카 동물 편중을 막음 — 그래서 새 음원이 필요함,final
zm,잠비아,아프리카,국기에 그려진 날개 편 아프리카물수리,동물,1순위 · 국기 오른쪽 위에 실제로 그려진 주황 독수리. flagHint도 '주황 독수리'라고 말함,구리 광석,,폭이 넓게 쏟아지는 빅토리아 폭포,리빙스턴,S,,잠비아와 이웃 나라 사이에는 거대한 빅토리아 폭포가 쏟아져요.,빅토리아 폭포는 짐바브웨와 공유 — 짐바브웨 명소를 그레이트 짐바브웨 유적으로 잡아 겹침을 막음. 우간다 왕관두루미와 새가 겹치니 이쪽은 흰 머리·날개 편 모습으로 그릴 것,final
zw,짐바브웨,아프리카,활석으로 깎은 짐바브웨 새 조각상,만든것,"1순위 · 국기 왼쪽 삼각형에 실제로 그려진 활석 조각상으로, 옛 짐바브웨 유적에서 나온 나라의 표장. 살아 있는 동물이 아니라 돌 조각이라 '만든것'",그레이트 짐바브웨의 돌담,짐바브웨 국화 '불꽃 백합' — 꽃잎이 뒤로 젖혀진 빨강·노랑 꽃,바위 위에 바위가 아슬아슬하게 얹힌 발라윙 균형 바위,에푸웨,A,,짐바브웨에는 돌을 쌓아 만든 아주 오래된 성벽 유적이 남아 있어요.,상징물과 명소가 같은 유적에서 나와 이야기가 이어짐 — 오히려 도감 카드에서는 장점. 새 조각이 우간다·잠비아의 진짜 새와 섞이지 않게 '돌로 만든 것'임을 회색 질감으로 보여 줄 것,final
ag,앤티가바부다,북아메리카,앤티가 블랙 파인애플,먹을거리,3순위 · 국장 맨 위에 얹혀 있는 파인애플이자 나라가 정한 국가 과일 '앤티가 블랙 파인애플',,국기 속 떠오르는 노란 해,"파도가 뚫은 바닷가 돌다리 '악마의 다리' — 파도 위에 걸린 돌다리 실루엣만, 구멍에서 솟는 물보라는 그리지 않음",윌리코이 베이(세인트필립),B,,,"명소 셀에 섞여 있던 편집 지시문을 제 칸으로 옮겼다. 악마의 다리는 to 마푸아·ws 토수아와 갈리도록 '구멍에서 솟는 물보라'를 금지하고 파도 위에 걸린 돌다리 실루엣만 그린다. 예비1 군함조는 ki 상징물(국기 근거)과 같은 새라 비웠고, 남은 예비2(국기 속 떠오르는 해)는 ar 상징물 '5월의 태양'과 해 혼동군이라 승격 시 재검토가 필요하다",final
bb,바베이도스,북아메리카,바다 위를 나는 날치,동물,4순위 · 무기 제외 6개국(삼지창)에 해당해 국기 요소를 못 쓰므로 대체. 바베이도스는 '날치의 땅'으로 불리고 국민 음식·동전에도 날치가 들어감,'프라이드 오브 바베이도스'(빨강노랑 국화),초록 버빗원숭이,고드름 같은 돌이 매달린 해리슨 동굴,세인트토머스,B,,바베이도스를 대표하는 음식은 바다 위를 나는 날치 요리예요.,규칙 3에 따라 국기의 검은 삼지창은 상징물에서 제외함(국기 이미지 자체는 그대로 둠). 해리슨 동굴은 4세에게 '그냥 동굴'이라 명소 비움,final
bs,바하마,북아메리카,분홍 홍학,동물,2순위 · 공식 지정 국조인 카리브 홍학. 나라가 스스로 고른 새이고 4세가 색만으로 즉시 알아봄,바다에서 헤엄치는 돼지,소라고둥(국장 요소이자 국민 음식),,,,,,명소 빈칸 유지 사유 1줄 기재(A3 문안),fixed-r1
bz,벨리즈,북아메리카,잎이 무성하게 퍼진 큰 마호가니 나무,식물,1순위 · 국기 흰 원 안에 실제로 그려진 마호가니 나무이자 공식 국목,베어드맥(타피르) — 코가 짧은 주둥이처럼 늘어진 벨리즈 국가 동물,,그레이트 블루홀(바다 한가운데 동그란 파란 구멍),벨리즈시티 앞바다(라이트하우스 리프),S,,벨리즈 바다에는 '그레이트 블루홀'이라는 커다란 파란 구멍이 있어요.,명소가 S급이라 상징물이 마호가니 나무여도 카드는 성립한다. 상징물은 국기 문장 전체를 참조하지 말 것 — 벨리즈 문장에는 도끼·톱을 든 사람 둘이 있다(규칙3·4). 예비1 큰부리새(투칸)는 br 상징물과 같은 새라 베어드맥으로 교체했고 예비2 재규어는 gy 예비2와 문자 동일이라 비웠다 — '인지력만 보면 투칸이 우세하니 뒤집어도 규칙 위반 아님'이라는 옛 메모는 폐기한다,final
ca,캐나다,북아메리카,빨간 단풍잎,식물,1순위 · 국기 한가운데에 그려진 단풍잎. 나라가 스스로 고른 것의 교과서적 사례,비버(공식 국가 동물),캐나다기러기,옐로나이프 밤하늘에 흐르는 초록 오로라,옐로나이프,A,,"캐나다는 세계에서 호수가 가장 많은 나라이고, 단풍잎이 상징이에요.","혼동 쌍 — 이과수 폭포(아르헨티나·브라질), 빅토리아 폭포(잠비아·짐바브웨)와 4세에겐 사실상 같은 그림. 또 나이아가라는 미국과 국경을 나눠 쓰므로 미국 카드에는 절대 폭포를 넣지 말 것. CN타워는 현대 건축 저작권+4세 인지 불가로 제외",fixed-r1
cr,코스타리카,북아메리카,나무에 매달린 나무늘보,동물,2순위 · 2021년 법으로 국가 상징(national symbol)으로 공식 지정된 나무늘보. '유명해서'가 아니라 나라가 법으로 정한 것,화려하게 색칠한 소달구지 '카레타'(국가 상징·무형유산),케찰과 화려한 열대 새,아레날 화산 — 밑변부터 꼭대기까지 자로 잰 듯 매끈한 원뿔 삼각형 산. 꼭대기에서는 불이 아니라 하얀 김만 피어오르고 발치는 짙은 초록 열대우림,라포르투나(아레날),B,,"코스타리카에는 군대가 없고, 나무늘보와 화려한 새들이 숲에 살아요.",아레날은 엘살바도르 산타아나·니카라과 오메테페와 '화산' 혼동군 — 결정 A에 따라 셋 다 그리되 아레날(불 없이 하얀 김만 나는 매끈한 원뿔)/산타아나(꼭대기 청록 분화구 호수)/오메테페(호수 위 원뿔 둘)로 갈라 못박고 quiz.js에서 같은 판 배제. 콩고 니라공고·바누아투 야수르의 '빨간 불'은 코스타리카에 쓰지 않음,final
cu,쿠바,북아메리카,알록달록한 옛날 자동차,만든것,4순위 · 쿠바 사람이 지금도 매일 타고 다니는 1950년대 올드카. 세계에서 쿠바와 1:1로 묶이는 몇 안 되는 탈것,,토코로로(국기와 같은 색 깃털을 가진 국조),,,,,쿠바에서는 60년도 더 된 옛날 자동차들이 아직도 거리를 달려요.,명소 빈칸 유지 사유 1줄 기재(A3 문안),final
dm,도미니카연방,북아메리카,보라색 시세루 앵무,동물,1순위 · 국기 한가운데 빨간 원 안에 그려진 시세루 앵무. 세계에서 앵무새가 국기에 들어간 유일한 나라,,초록 십자 무늬 국기,부글부글 끓는 호수,로조 근교(모른트르와피통 국립공원),B,,도미니카연방의 산속에는 물이 펄펄 끓는 신기한 호수가 있어요.,앵무새 3중복(도미니카연방·온두라스·세인트루시아) 중 국기에 실제로 그려진 이 나라가 1순위로 가져감. 나머지 둘은 예비로 밀었음,final
do,도미니카공화국,북아메리카,야구 글러브와 공,만든것,"5순위 · 위 네 단계가 모두 막힌 경우. 국기 방패는 성경·십자가라 종교 근접 금지, 국조 시구아는 4세 인지 불가. 라리마르는 세계에서 오직 이 나라 바오루코 산에서만 나는 돌이라 1:1이 완벽",하늘빛 라리마 — 도미니카공화국에서만 나는 바다색 돌,메렝게 북 '타보라',,,,,,명소 빈칸 유지 사유 1줄 기재(A3 문안),final
gd,그레나다,북아메리카,육두구 열매,먹을거리,1순위 · 국기 왼쪽 초록 삼각형에 실제로 그려진 육두구. 국기 요소이면서 동시에 나라 별명('향신료의 섬')의 근거,국기 테두리의 노란 별 일곱 개,국화 부겐빌레아,,,,,그레나다는 향신료 육두구가 많이 나서 '향신료의 섬'이라고 불려요.,"명소 빈칸 유지 사유 1줄 기재(A3 문안, '규칙4'는 '규칙3(저작권)'으로 정정)",fixed-r1
gt,과테말라,북아메리카,케찰(긴 꼬리 깃털을 늘어뜨린 초록 새),동물,1순위 · 국기 문장 꼭대기에 그려진 새이자 공식 국조. 돈 이름까지 '케찰'이라 나라가 스스로 고른 것이 삼중으로 확인됨,우이필(여성이 입는 화려한 손짜기 옷),알록달록한 마야 옥수수,초록 정글 지붕을 뚫고 솟은 티칼의 회색 계단 신전 — 나무 우듬지와 앵무 떼가 함께 보이게,페텐 정글(플로레스),A,,과테말라 정글에는 마야 사람들이 세운 커다란 피라미드가 남아 있어요.,"혼동 쌍 — 멕시코 치첸이트사와 4세에겐 같은 '계단 피라미드'. 티칼은 좁고 가파르며 정글 나무 위로 솟아 있고, 치첸이트사는 넓고 낮은 사각형이라는 점을 그림 프롬프트에서 반드시 분리할 것. 예비 1번(우이필)은 '입는것' 카테고리 보강용",fixed-r1
hn,온두라스,북아메리카,흰꼬리사슴 — 1993년 지정된 온두라스 공식 국가 동물,동물,2순위 · 1969년 공식 국화로 지정된 난초. 원래 1순위 후보였던 스칼렛 마코는 앵무새 중복으로 예비로 밀었음,빨간 금강앵무 스칼렛 마코(공식 국조),온두라스 소나무(국목),코판의 마야 석비(돌에 사람 얼굴을 새긴 기둥),코판루이나스,B,,온두라스에는 마야 사람들이 돌에 글자를 새겨 놓은 오래된 도시가 있어요.,앵무새 3중복 때문에 국조를 못 쓴 케이스 — 도미니카연방이 국기(1순위)로 가져감. 명소는 과테말라 티칼·멕시코 치첸이트사와 같은 마야 계열이지만 '피라미드'가 아니라 '얼굴 새긴 돌기둥'으로 그리면 구별됨,fixed-r1
ht,아이티,북아메리카,잎이 부챗살처럼 펼쳐진 큰 야자나무,식물,1순위 · 국기 하얀 네모 안 문장 한가운데에 실제로 그려진 야자나무,타프타프(온몸을 그림으로 칠한 알록달록 버스),아이티 금속 오려내기 공예,,,,,,명소 빈칸 유지: 시타델 라페리에르는 규칙6(성·요새 혼동군)으로 제외. '군사'를 사유로 쓰지 않는다 — 규칙5의 금지 대상은 군인(사람)이다. 바생블뢰·소드단은 폭포·물웅덩이 중복.,final
jm,자메이카,북아메리카,닥터버드(꼬리 깃 두 가닥이 긴 벌새),동물,2순위 · 공식 국조이자 자메이카에만 사는 고유종. fact의 달리기 선수는 실존 인물 금지 규칙에 걸려 쓸 수 없음,"아키 열매(국가 과일, 국민 음식 재료)",,"던스리버 폭포 — 넓적한 석회암 계단 바위를 하얗게 한 칸씩 밟고 내려와 그대로 모래 해변과 바다로 이어지는 낮고 넓은 폭포. 양옆은 짙은 초록 정글, 사람은 그리지 않음",오초리오스,B,,,던스리버 폭포는 폭포 혼동군(zm·hr·cm·ve·la·gh·ao)이나 결정 A에 따라 그리되 '넓적한 계단 바위를 밟고 내려와 그대로 바다로 이어지는 낮고 넓은 폭포'로 못박고 quiz.js에서 같은 판 배제 — cm 로베(절벽에서 부채처럼 직행)와 가장 가깝다. fact가 실존 인물(육상 선수)이라 음원 재사용이 불가해 새 음원이 필요하다. 예비2 블루마운틴 커피는 et 상징물과 겹쳐 비웠다,final
kn,세인트키츠네비스,북아메리카,봉황목 꽃(온 가지가 새빨간 꽃나무),식물,2순위 · 공식 지정 국화 포인시아나(플랑부아양). 국조 갈색펠리컨은 동물 쏠림을 피하려 예비로 내림,갈색펠리컨(국조·국장 요소),,,,,,,"명소 빈칸 유지: 브림스톤힐 요새는 규칙6(성·요새 혼동군 — '돌로 된 네모난 큰 집')으로 제외. '군사 시설'을 사유로 쓰지 않는다 — 규칙5가 금지하는 것은 '군인'(사람)이지 사람 없는 건물이 아니다. 네비스 피크는 원뿔 화산 중복, 사탕수수 열차는 식민 농장 서사 근접.",final
lc,세인트루시아,북아메리카,바다에서 솟은 피통 쌍둥이 봉우리 — 국기의 검정·노랑 삼각형이 가리키는 바로 그 두 봉우리,땅과하늘,4순위 · 나라 수출의 대부분을 차지해 '초록 금'이라 불리는 바나나. 국조 세인트루시아앵무는 앵무 3중복으로 예비행,세인트루시아앵무(파란 머리 고유종 국조),,,,,,바다에서 뾰족하게 솟은 화산 봉우리 '피통' 두 개가 세계적으로 유명해요.,바나나는 에콰도르·온두라스와 겹칠 수 있으니 다른 대륙 표와 대조 필요. 명소 피통은 이 나라에서 4세가 알아볼 유일한 그림이라 절대 빼지 말 것,final
mx,멕시코,북아메리카,제왕나비 떼,동물,4순위로 조정 · 1순위인 국기 독수리는 미국 흰머리수리와 4세에게 같은 '새'라 규칙 7에 따라 예비로 밀었음. 제왕나비는 미초아칸 월동지가 멕시코와 1:1이고 fact 음원도 그대로 쓸 수 있음,,노팔 선인장,"넓은 초록 잔디 위에 홀로 선 치첸이트사 — 밑변이 넓고 높이가 낮은 네모 계단, 정면 한가운데 곧은 계단 한 줄",치첸이트사(유카탄),A,,멕시코 숲에는 겨울마다 제왕나비 수백만 마리가 날아와 모여요.,혼동 쌍 — 과테말라 티칼과 같은 마야 피라미드. 넓고 낮은 사각뿔 + 뻥 뚫린 초원이라는 점으로 분리할 것. 솜브레로·타코는 고정관념 위험이라 후보에서 아예 뺐음,final
ni,니카라과,북아메리카,사쿠안호체 꽃(가운데가 노란 하얀 다섯잎 꽃),식물,2순위 · 공식 지정 국화. 국기 문장의 무지개는 나라와 1:1로 묶이지 않아 제외했음,투르쿠소 모트모트(꼬리 끝이 라켓 모양인 새),국기 문장 속 무지개,오메테페 섬 — 아주 넓은 호수 한가운데 원뿔 봉우리 두 개가 나란히 솟아 하나의 섬을 이룸. 사방이 물이고 물 위에 삼각형 둘이 떠 있는 구도,오메테페(리바스),A,,"중앙아메리카에서 가장 큰 호수가 있고, 그 안에는 상어도 살고 있어요.",오메테페는 화산 혼동군(cr·sv·cd·vu)이나 결정 A에 따라 그리되 '아주 넓은 호수 한가운데 원뿔 봉우리 둘'이라는 구도를 못박고 quiz.js에서 같은 판 배제 — 셋 중 구도가 가장 독특하다. fact의 '가장 큰 호수'와 이어져 음원 재사용 가능. 예비1 모트모트는 엘살바도르 국조와 같은 과라 승격 시 충돌,final
pa,파나마,북아메리카,몰라(여러 겹 천을 오려 만든 알록달록 자수천),입는것,4순위 · 구나족 여성이 매일 옷으로 입는 손바느질 천. 파나마 밖에는 없어 1:1이 확실하고 북아메리카에서 '입는것' 카테고리를 채우는 유일한 칸,,파나마 황금개구리 — 노란 몸에 검은 점이 있는 나라 상징 개구리,파나마 운하의 수문(물 계단을 오르는 큰 배),파나마시티(미라플로레스 수문),A,Y,태평양과 대서양을 이어 주는 파나마 운하로 커다란 배들이 지나다녀요.,'파나마모자'는 실제로 에콰도르에서 만드는 것이라 절대 쓰지 말 것 — 아이에게 틀린 1:1을 심는 대표적 함정. 예비 1번 하피독수리는 미국·멕시코 독수리와 3중복이라 승격 비권장,final
sv,엘살바도르,북아메리카,푸푸사(속을 채운 동그란 옥수수 전병),먹을거리,4순위 · 2005년 법으로 국민 음식으로 지정하고 '푸푸사의 날'까지 정한 음식. 나라가 스스로 법으로 고른 소재,이소테(먹을 수 있는 하얀 국화 유카꽃),발삼나무(세계 발삼 대부분이 이 나라에서 남),산타아나 화산 — 산꼭대기가 사발처럼 움푹 파이고 그 안에 형광 청록빛 물이 가득 고인 분화구 호수. 위에서 비스듬히 내려다본 구도,산타아나,B,,엘살바도르는 중앙아메리카에서 가장 작지만 화산이 많아 '화산의 나라'로 불려요.,산타아나는 화산 혼동군(cr·ni·cd·vu)이나 결정 A에 따라 그리되 '꼭대기 사발 안에 형광 청록빛 물이 고인 분화구 호수'를 못박고 quiz.js에서 같은 판 배제. 푸푸사는 멕시코 토르티야·타코와 혼동될 수 있으니 '두툼하고 속이 보이는 동그란 전병'으로 차별화할 것,final
tt,트리니다드토바고,북아메리카,스틸팬(기름통을 두드려 만든 반짝이는 드럼),만든것,2순위 · 2023년 국가 악기로 공식 지정. 20세기에 이 섬에서 발명된 악기라 세계와 1:1이 완벽하고 4세도 '반짝이는 큰 냄비 북'으로 바로 알아봄,"붉은 따오기(스칼렛 아이비스, 공식 국조)",카니발 깃털 머리장식,,,,,기름통을 두드려 만든 악기 스틸팬이 처음 만들어진 나라예요,명소 빈칸 유지 사유 1줄 기재(A3 문안),fixed-r1
us,미국,북아메리카,흰머리수리,동물,2순위 · 국장에 그려진 새이자 2024년 법으로 공식 국조가 된 흰머리수리. 나라가 스스로 법으로 고른 것,옐로스톤의 솟구치는 온천 물기둥(fact 음원 재사용 가능),성조기의 하얀 별,자유의 여신상,뉴욕,S,,,자유의 여신상은 조각가 바르톨디가 1904년 사망해 저작권 만료 — 규칙 4 통과. 수도(워싱턴 D.C.)가 아니지만 이번 설계는 수도 제약 없음. 상징물 독수리는 멕시코 국기 독수리와 충돌했고 멕시코를 제왕나비로 돌려 해소함. 캐나다와 나이아가라를 공유하므로 미국 카드에 폭포는 넣지 말 것,draft
vc,세인트빈센트그레나딘,북아메리카,빵나무 열매(브레드프루트),먹을거리,"4순위 · 이 섬이 카리브해에서 빵나무를 처음 받은 곳이고, 세계에서 가장 오래된 빵나무가 킹스타운 식물원에 살아 있음. 나라의 자기 서사와 직결된 소재",세인트빈센트앵무(무지개 깃털 고유종 국조),국기의 초록 마름모 세 개,,,,,,명소 빈칸 유지 사유 1줄 기재(A3 문안),fixed-r1
ar,아르헨티나,남아메리카,국기 한가운데 있는 '5월의 태양' — 얼굴이 그려진 금색 해,땅과하늘,"1순위 · 국기에 실제로 그려진 것(flagHint: '금색 해 얼굴'). 아르헨티나가 스스로 국기 한복판에 넣은 문양이고, 얼굴 달린 해는 4세가 즉시 알아본다.",오르네로(붉은가마새) — 진흙으로 화덕 모양 둥지를 짓는 공식 국조,아르헨티나 국화 '세이보' — 새빨간 꽃,페리토 모레노 빙하 — 강으로 무너져 내리는 파란 얼음 절벽,엘칼라파테(산타크루스주),A,,,해 얼굴은 우루과이 국기에도 똑같이 있다(두 국기 자체가 혼동 쌍). 우선순위가 높은 아르헨티나가 가져가고 우루과이는 다른 소재로 밀었다. 명소는 이구아수 폭포가 더 유명하지만 앙헬 폭포(베네수엘라)·카이에투르 폭포(가이아나)와 4세에게 '큰 폭포' 하나로 뭉쳐지므로 빙하로 교체했다.,final
bo,볼리비아,남아메리카,라마 — 짐을 지고 안데스 산길을 걷는 긴 목 동물,동물,3순위 · 국기 한가운데 국장(flagHint의 '큰 문양')에 실제로 그려진 동물. SVG로 국장 확인함. 볼리비아가 스스로 국장에 넣은 동물이고 4세가 한 번에 알아본다.,칸투타 꽃 — 빨강·노랑·초록 세 색이 한 송이에 든 공식 국화,,우유니 소금 사막 — 하늘이 그대로 비치는 새하얀 땅,우유니(포토시주),S,,세계에서 가장 큰 소금 사막 우유니가 있어서 하늘이 그대로 비쳐요,"라마는 페루 연상도 강하지만, 국장에 라마가 그려진 쪽은 볼리비아이고 페루 국장의 동물은 비쿠냐다. 규칙 7에 따라 볼리비아가 가져가고 페루는 입는것(판초)으로 옮겼다.",final
br,브라질,남아메리카,큰부리새(투칸) — 알록달록한 커다란 부리를 가진 아마존 새,동물,5순위 · 국기(마름모·천구·별)와 국장에 사물·생물이 없어 자연물로 내려왔다. fact가 이미 '아마존 열대우림'을 설명하므로 그 숲의 대표 새로 이어진다.,파우-브라질 나무 — 나라 이름이 여기서 온 공식 국목,이페 아마렐로 — 잎 없이 노란 꽃만 가득 피는 나무,팡지아수카르(설탕빵 산) — 바다 위로 둥글게 솟은 화강암 봉우리 실루엣(케이블카·캐빈·전선·건물 없음),리우데자네이루,A,,세계에서 가장 큰 아마존 열대우림의 절반 이상이 브라질에 있어요,"구세주 그리스도상은 저작권 위험군이라 지침대로 팡지아수카르로 대체함. 투칸은 벨리즈 국조이기도 해 북아메리카 작업 때 중복 점검이 필요하다(브라질이 우선, 벨리즈는 예비로 밀 것).",final
cl,칠레,남아메리카,코피우에 꽃 — 숲 덩굴에 매달린 새빨간 종 모양 꽃,식물,"2순위 · 칠레가 법으로 지정한 공식 국화. 국기에는 별뿐이라 사물이 없고, 국조 안데스콘도르는 볼리비아·콜롬비아·에콰도르 국장과 겹쳐 제외했다.",아라우카리아(몽키퍼즐) — 우산처럼 펼쳐진 공식 국목,후에물 사슴 — 국장에 그려진 칠레 고유 사슴,모아이 석상 — 바다를 등지고 줄지어 선 커다란 돌 얼굴,이스터섬 한가로아,S,,,"모아이는 조상상 성격이 있어 규칙 5의 '성상 근접'을 검토했으나, 종교 의식 장면이 아니라 야외 석상 자체라 안전하다고 판단했다. 그림에 의식·제단은 넣지 말 것.",draft
co,콜롬비아,남아메리카,콜롬비아 에메랄드 원석 — 회색 돌에 박힌 채 여섯 모난 기둥으로 자란 진초록 결정 몇 개(다듬지 않은 날것),땅과하늘,"4순위 · 세계 에메랄드의 대부분이 이 나라에서 나고 초록 결정이라 다른 원석 카드와 색으로 갈린다. 국화 카틀레야 난초는 sg 난초와, 국조 안데스콘도르는 ec 예비1과 겹치고, fact의 커피는 et가 상징물로 가져가 모두 쓸 수 없다",색색의 꽃을 한 아름 묶은 콜롬비아 꽃다발 — 빨강·노랑·분홍·하양 꽃이 뒤섞인 큰 묶음(한 종류 클로즈업이 아니라 여러 색이 섞인 다발),킨디오 왁스팜 — 60m까지 자라는 세계에서 가장 큰 야자 국목,엘 페뇰 — 하나의 거대한 바위 얼굴에 지그재그로 붙은 하얀 계단(알록달록한 마을은 화면에서 제외),구아타페(안티오키아주),B,,향긋한 커피와 알록달록한 꽃을 세계 곳곳에 보내는 나라예요,커피는 et가 상징물로 보유하므로 co는 쓰지 않는다(브라질도 쓰지 않도록 유지). 에메랄드는 cf 다이아몬드·tz 탄자나이트·do 라리마·lt 호박·uy 자수정과 '원석' 혼동군이니 같은 판 배제하고 반드시 진초록으로 그릴 것. 예비1 꽃다발은 한 종류 꽃 클로즈업으로 그리면 '붉은·분홍 꽃 클로즈업' 11중 군(za·bg·cl 등)과 겹치니 여러 색 다발로만 그린다. 카르타헤나 성벽도시는 노예무역 항구 역사가 있어 규칙 5로 제외했다. 솜브레로 부엘티아오는 모자 6중 해소로 폐기했고 다시 올리지 말 것,final
ec,에콰도르,남아메리카,갈라파고스 땅거북 — 등껍질이 안장처럼 솟은 아주 큰 거북,동물,"5순위지만 근거가 강함 · fact가 이미 '큰 거북 사는 갈라파고스 섬'을 설명하고, 갈라파고스는 에콰도르 영토라 1:1이 깨지지 않는다. 국장 콘도르는 이웃 3개국과 겹쳐 예비로 뺐다.",안데스콘도르 — 국기 가운데 국장 위에 그려진 새(SVG 확인),,,,,,"적도가 지나가는 나라이고, 큰 거북이 사는 갈라파고스 섬이 있어요",기념탑 자체는 4세에게 '그냥 탑'이라 B급. 그림은 탑보다 '바닥의 노란 선을 밟고 선 아이' 쪽에 무게를 둘 것. 예비 국명 '파나마모자'는 파나마와 혼동을 부르므로 쓰지 않는 편이 안전하다.,final
gy,가이아나,남아메리카,빅토리아 수련 — 아이가 올라앉을 만큼 커다란 둥근 연잎,식물,2순위 · 가이아나 공식 국화이자 국장 요소. 국기의 노란 화살촉은 사물이 아니라 도형이라 4세에게 읽히지 않아 내려왔다.,호아친(카나제 새) — 머리에 부채 같은 볏이 선 공식 국조,재규어 — 국장 양옆에 선 동물,,,,,,대표 명소 카이에투르 폭포는 아르헨티나 이구아수·베네수엘라 앙헬과 4세에게 같은 그림이 되어 비웠다. 국기의 화살촉은 무기로 읽힐 소지가 있어 상징물로 쓰지 않았다.,draft
pe,페루,남아메리카,알록달록한 안데스 감자 한 무더기 — 보라·빨강·노랑·얼룩무늬 껍질이 섞이고 크기와 모양이 제각각인 생감자들(조리하거나 자르지 않은 그대로),먹을거리,"4순위 · 감자가 태어난 땅이고 수천 가지 색·모양이 페루와 1:1로 묶인다. 국기(빨강-하양-빨강)에 그림이 없고, 국장 동물 비쿠냐는 bo 라마와 4세에게 같은 그림, 국조 안데스 바위새는 ve 트루피알과 '주황 새'로 겹쳐 모두 제외",비쿠냐 — 국장에 그려진 페루 공식 국수,키푸 — 굵은 가로줄에 색색 실 여러 가닥을 늘어뜨리고 가닥마다 매듭을 지어 수를 적은 잉카의 셈 줄,마추픽추 — 구름 낀 봉우리 아래 계단식으로 쌓은 돌 도시,아과스칼리엔테스(쿠스코주),S,,높은 산 위에 잉카 사람들이 지은 옛 도시 마추픽추가 있어요,"감자는 be 예비1 감자튀김·sk 예비1 감자 수제비와 '감자' 혼동군이므로 같은 판 배제, 그 둘은 승격 금지. 판초·추요는 모자 6중 해소로 폐기했고 다시 올리지 말 것. 예비1 비쿠냐는 bo 라마와 같은 그림이라 승격 금지(값만 보존). 마추픽추 그림에 라마를 넣지 말 것 — bo 상징물과 겹친다",final
py,파라과이,남아메리카,냔두티 레이스 — 거미줄처럼 동그랗게 짜 올린 색색 자수,만든것,"4순위 · 파라과이에서만 만드는 고유 공예. 국기 뒷면 인장의 사자는 다른 대륙 여러 나라와 겹쳐 제외했고, 국기 앞뒤가 다르다는 fact는 그림이 아니라 국기 자체 이야기라 별도 소재가 필요했다.",테레레 — 얼음 마테차를 뿔잔에 담아 빨대로 마시는 파라과이 국민 음료,,,,,,,냔두티는 4세 인지가 중간 정도다. 아빠가 약하다고 보면 테레레로 교체 가능. 하프는 아일랜드 국장(1순위)과 겹치므로 아일랜드가 가져가야 하고 파라과이는 예비로만 둔다. 예수회 미션 유적은 종교 시설이라 명소에서 제외.,final
sr,수리남,남아메리카,파야 로비 — 불꽃처럼 붉게 뭉쳐 피는 수리남 꽃,식물,2순위 · 수리남 국화이자 나라를 대표하는 노래에까지 나오는 꽃. 국기에는 노란 별뿐이라(SVG 확인) 사물이 없다.,,울창한 열대우림 — 국토의 대부분을 덮은 초록 숲,,,,,,파라마리보 옛 시가지는 식민지 건축이라 규칙 5로 제외했다. 예비의 '열대우림'은 브라질 아마존과 겹치므로 승격시키지 말 것.,final
uy,우루과이,남아메리카,축구공 — 세상에서 가장 먼저 월드컵을 들어 올린 나라의 공,만든것,4순위 · fact가 이미 '1930년 제1회 월드컵 개최·우승'을 설명하고 있어 음원을 그대로 쓴다. 국기의 해 얼굴은 아르헨티나와 중복이라 양보했다.,테로(남부댕기물떼새) — 공식 국조,아르티가스에서 나는 보라색 자수정 결정,,,,,"1930년 제1회 월드컵이 열렸고, 그 대회에서 우승까지 했어요",축구공은 브라질·아르헨티나와도 묶여 1:1이 가장 약한 칸이다. 다만 두 나라는 각각 투칸·해로 확정했으므로 충돌은 없다. 푼타델에스테의 '손' 조각은 작가 생존 작품이라 저작권 위험으로 제외했다.,final
ve,베네수엘라,남아메리카,"트루피알 — 주황 몸에 검은 머리, 눈가에 파란 테가 있는 공식 국조",동물,"3순위 · 베네수엘라 국장 아래 칸에 그려진 달리는 백마. 국기에는 별 여덟 개뿐이라(SVG 확인) 사물이 없고, 백마는 남미 다른 나라와 겹치지 않으며 4세 인지가 높다.",네 줄짜리 작은 기타 '쿠아트로'(베네수엘라 국민 악기),아라과니 — 노란 꽃이 나무 전체를 덮는 공식 국목,앙헬 폭포 — 탁자 모양 산꼭대기에서 한 줄기로 떨어지는 세상에서 가장 높은 물줄기,카나이마 국립공원(볼리바르주),A,,세계에서 가장 높은 폭포인 앙헬 폭포가 있어요. 높이가 979미터예요,남미 폭포 3형제(앙헬·이구아수·카이에투르) 중 fact가 있는 앙헬만 살렸다. 그림은 '넓게 퍼지는 폭포'가 아니라 '테푸이 절벽에서 한 줄기가 안개로 흩어지는' 모습으로 그려야 이구아수와 구별된다.,final
au,오스트레일리아,오세아니아,새끼를 주머니에 넣고 껑충 뛰는 캥거루,동물,3순위 · 호주 국장을 에뮤와 함께 떠받치는 동물이 캥거루다. countries.js fact도 이미 캥거루를 설명하고 있어 음원 재사용 가능,코알라,"골든와틀(국화, 노란 솜방울 꽃)",사막 한가운데 붉은 바위산 울루루,울루루(노던테리토리),S,,주머니에 새끼를 넣고 다니는 캥거루와 코알라가 사는 나라예요.,시드니 오페라하우스는 설계자(웃손) 사후 70년 미경과로 저작권 위험 — 규칙 4에 따라 제외하고 울루루로 대체. 울루루는 아난구 원주민 성지이므로 등반 장면이 아니라 멀리서 본 바위산 전체로만 그린다,draft
fj,피지,오세아니아,줄기에 달린 노란 바나나 한 송이,먹을거리,1순위 · 국기 방패 네 칸 중 한 칸이 바나나다. 국기에 바나나가 그려진 나라는 세계에서 피지뿐이다,마디가 굵은 사탕수수 줄기 다발,올리브 가지 없이 날개를 활짝 편 하얀 비둘기 한 마리,,,,,,바나나는 '국기에 바나나가 그려진 유일한 나라'라는 근거로 피지가 가져간다(ec·ph·lc와 중복 금지). 상징물·예비 어디에서도 국기 방패·국장 전체를 부르지 말 것 — 피지 국장은 창·곤봉을 든 전사 둘이 방패를 받치고 있다(규칙3). 예비1·예비2도 같은 이유로 방패 참조를 끊었다. 명소는 야사와 해변·타베우니 폭포뿐인데 4세에게 '그냥 남쪽 바다 해변'이라 빈칸 처리했다,final
fm,미크로네시아연방,오세아니아,야프섬의 커다란 돌 돈(가운데 구멍 뚫린 돌 원반),만든것,4순위 · 야프섬 사람들이 실제로 지금도 쓰는 돌 화폐. 세계에서 이 나라 하나뿐이라 1:1이 완벽하다,야프섬 사람들이 판다누스 잎으로 짠 알록달록한 허리 천 '투부',,바다 위에 돌을 쌓아 만든 옛 도시 난마돌,폰페이섬,A,,바다 위에 돌을 쌓아 만든 옛 도시 난마돌 유적이 남아 있어요.,"돌 돈은 사람 키만큼 크다는 게 핵심인데, 크기 기준이 없으면 4세에게 그냥 도넛으로 보인다 — 반드시 아이 키와 나란히 세운 구도로 그릴 것",final
ki,키리바시,오세아니아,국기에 그려진 노란 군함조 — 해는 그리지 않고 새와 파도만,동물,1순위 · 국기 위쪽에 노란 해와 군함조가 그대로 그려져 있다(flags/ki.svg에서 확인),,판다누스 열매,세계에서 가장 먼저 해가 뜨는 섬의 새해 해돋이,카롤라인섬(밀레니엄섬),B,,세계에서 가장 먼저 새해 해돋이를 볼 수 있는 나라예요.,"해돋이 그림은 일본·방글라데시·아르헨티나와 4세에게 사실상 같은 그림이다(혼동 쌍). 그래서 상징물은 해가 아니라 군함조로 잡고, 해는 명소 쪽에서만 쓴다",final
mh,마셜제도,오세아니아,막대와 조개로 엮은 바닷길 지도 스틱 차트,만든것,3순위 · 국장에 들어간 전통 항해 카누. 옆에 나무 하나를 덧댄 모양이라 4세도 보통 배와 구별한다,판다누스 잎을 가늘게 잘라 짠 마셜제도 부채,,,,,,,비키니 환초는 핵실험지라 금지 소재로 보고 제외했다. 스틱 차트가 마셜 고유성은 더 높지만 4세 인지가 낮아 예비로 밀었다(규칙 6). 배는 오만 다우선·이탈리아 곤돌라와 겹칠 수 있으니 아웃리거(옆에 붙은 나무)를 반드시 그려 구별할 것,final
nr,나우루,오세아니아,넓은 바다 한가운데 동그랗게 떠 있는 섬 하나,땅과하늘,"5순위 · 국기 자체가 지도다(노란 줄은 적도, 하얀 별은 그 아래 있는 섬 하나). fact도 섬 하나뿐인 나라라고 이미 말하고 있다","검은제비갈매기(노디, 전통적으로 기르던 새)",부아다 라군 — 섬 한가운데 야자나무에 둘러싸인 초록 민물 호수,뾰족한 산호 바위가 솟은 아니바레만 해변,아니바레,B,,세계에서 세 번째로 작은 나라이고 섬 하나로 이루어져 있어요.,군함조는 나우루 국장에도 있지만 키리바시가 국기(1순위)로 가져가므로 양보했다(규칙 7). 인광석 채굴 풍경은 4세용이 아니라 제외,final
nz,뉴질랜드,오세아니아,날지 못하는 동그란 새 키위,동물,2순위 · 나라를 대표하는 새이자 국민 별명 그 자체. fact에 이미 키위가 나와 있어 음원 재사용 가능,은고사리 잎,,물 위로 뾰족하게 솟은 밀퍼드사운드 산,밀퍼드사운드(피오르드랜드),A,,"날지 못하는 새 키위가 살고, 양이 사람보다 훨씬 많아요.",4세에게 키위 새와 키위 과일이 헷갈린다 — 긴 부리와 털 같은 갈색 깃털을 크게 그려 과일과 확실히 갈라야 한다. 호빗 마을 세트는 영화 저작권 위험이라 제외,final
pg,파푸아뉴기니,오세아니아,긴 장식깃을 늘어뜨리고 나뭇가지에 앉은 노란 극락조,동물,1순위 · 국기 위쪽 빨간 칸에 극락조가 그대로 그려져 있다(flags/pg.svg 확인),,코코넛,,,,,,마운트하겐 부족 축제는 분장한 사람이 주인공이라 금지 소재(사람·의식)에 가까워 제외. 쿠크 초기 농경지는 4세가 알아볼 것이 없어 명소는 빈칸이 정직하다. 극락조는 긴 꼬리깃이 핵심이니 공작과 구별되게 그릴 것,final
pw,팔라우,오세아니아,하늘색 하늘에 뜬 노란 보름달,땅과하늘,1순위 · 국기 전체가 하늘색 바탕에 노란 보름달 하나다(flags/pw.svg 확인 — 다른 무늬가 전혀 없다),,버섯 모양 록아일랜드 섬들,노란 해파리가 가득한 해파리 호수,에일말크섬(록아일랜드),A,,사람을 쏘지 않는 해파리 수백만 마리가 사는 신기한 호수가 있어요.,달은 터키·파키스탄 등 초승달 국기 나라와 겹칠 수 있다 — 팔라우는 초승달이 아니라 꽉 찬 보름달이라는 점을 그림에서 분명히 할 것,final
sb,솔로몬제도,오세아니아,조개를 꿰어 만든 전통 조개 돈 목걸이,만든것,4순위 · 솔로몬제도 사람들이 지금도 실제로 돈으로 쓰는 조개 꿰미. 세계에서 거의 유일하다,연기가 나는 화산섬,,세계에서 가장 큰 바닷물 석호 마로보 석호,마로보(뉴조지아섬),B,,900개가 넘는 섬으로 이루어져 있고 화산섬이 많아요.,국장에는 창과 활이 들어 있으나 규칙 3(무기 제외) 취지에 따라 쓰지 않았다. 예비의 화산은 아이슬란드·인도네시아·이탈리아와 겹칠 위험이 커서 1순위로 올리지 않았다,final
to,통가,오세아니아,혹등고래와 새끼 고래,동물,"3순위 · 국장 맨 위에 왕관이 그려져 있고, fact가 이미 '지금도 왕이 다스리는 나라'라고 설명한다 — 음원 재사용 가능",나무에 거꾸로 매달린 통가 날여우박쥐,타파 천(응아투),바위 구멍에서 물기둥이 수십 개 솟는 마푸아 블로우홀,후파쿠하(통가타푸섬),A,,지금도 왕이 다스리는 나라예요. 크고 작은 섬이 170개쯤 있어요.,"왕관은 영국·스웨덴·에스와티니 등 다른 왕국과 겹칠 위험이 크다 — 통가는 태평양에서 유일하게 왕이 다스리는 나라라는 점이 근거지만, 유럽 담당자와 최종 조정이 필요하다. 국기의 빨간 십자는 종교 상징이라 상징물로 쓰지 않았다",final
tv,투발루,오세아니아,하얀 모래 위에 놓인 커다란 소라 조개껍데기,땅과하늘,3순위 · 국장 테두리를 두르는 나무이자 나라 땅 대부분을 덮고 있는 나무. 4세가 가장 쉽게 알아보는 태평양 소재다,바다에 흩어진 아홉 개의 섬(국기 별 아홉 개),판다누스 잎을 감아 만든 투발루 전통 공 '테 아노',마을 한복판을 가로지르는 푸나푸티의 포장 활주로 — 흰 중앙선 옆에 집들이 바짝 붙어 있고 한쪽 끝에 작은 프로펠러 비행기(하늘에서 본 환초 구도 금지),푸나푸티,B,Y,,"야자나무는 1:1성이 가장 약한 선택이다 — 오세아니아 안에서는 투발루에만 배정했지만, 카리브·아프리카 담당자가 야자나무를 쓰면 충돌한다. 환초 그림은 키리바시·마셜제도·나우루와 4세에게 사실상 같은 그림(혼동 쌍)이라 명소는 B로만 둔다",final
vu,바누아투,오세아니아,둥글게 휜 멧돼지 엄니와 그 안에 겹쳐진 초록 나멜레 고사리 잎 두 장,식물,1순위 · 국기 왼쪽 검은 삼각형 안 문양이 멧돼지 엄니와 그 안의 나멜레 고사리 잎 두 장이다(flags/vu.svg 확인),,야자게(코코넛크랩),빨간 불덩이를 뿜는 야수르 활화산,탄나섬,S,,,국기·국장 전체를 참조하지 말 것 — 바누아투 국장에는 창을 든 전사가 있다(규칙3). 상징물은 국기 문양 요소(멧돼지 엄니 + 나멜레 고사리 잎)만 그린다. 상징물에 엄니가 들어갔으므로 예비1의 멧돼지 엄니 목걸이는 비웠다. 명소 야수르는 cd 니라공고와 '빨간 불' 화산 혼동군이라 quiz.js에서 같은 판 배제,final
ws,사모아,오세아니아,벽 없이 기둥만 둥글게 세운 전통 집 파레,만든것,4순위 · 사모아 사람들이 지금도 실제로 쓰는 집. 벽이 없고 지붕만 둥근 모양이라 세계 어느 집과도 안 겹친다,라발라바(허리에 두르는 무늬 천),테우일라 — 붉은 횃불 모양 생강꽃(사모아 국화),절벽에 뚫린 동그란 바다 수영장 토수아 오션 트렌치,렘투나(우폴루섬),A,,,'집'은 4세에게 자칫 평범해질 수 있다 — 벽이 없어서 안이 훤히 보이는 점을 강조해야 한다. 카테고리 균형상 '입는것'이 필요하면 예비의 라발라바로 바꿔 쓸 수 있다,final
